0,3.35144710540771,0.724427044391632,-0.123828575015068,0.165997743606567,0.924593687057495,0.038177952170372
0.0409998893737793,3.22283291816711,-1.05942225456238,-0.751944541931152,0.196463748812675,0.992245018482208,1.53460097312927
0.0820000171661377,3.23988175392151,1.92502582073212,-0.8916255235672,-0.372235059738159,-0.0200816038995981,3.24504971504211
0.122999906539917,3.52821707725525,6.24018239974976,-1.57657098770142,-1.6473023891449,-0.388040721416473,4.0376238822937
0.164000034332275,4.95852661132812,9.81805038452148,-2.68953275680542,-2.37581396102905,0.521358132362366,4.26684427261353
0.204999923706055,7.77697277069092,11.9871444702148,-2.8761727809906,-1.13541233539581,1.86316049098969,4.69420862197876
0.246000051498413,10.1479606628418,11.4041929244995,-1.24905347824097,0.881758034229279,3.17281699180603,4.01945114135742
0.286999940872192,10.3193464279175,8.10030269622803,2.17298197746277,1.75763666629791,3.57719779014587,1.77603840827942
0.328000068664551,9.33141040802002,4.70608377456665,5.92103958129883,2.91137433052063,1.55620980262756,0.524488747119904
0.36899995803833,8.6671028137207,2.30159616470337,7.42791986465454,3.50030755996704,-0.280226171016693,-0.0914743766188622
0.410000085830688,8.7170524597168,0.850349366664886,5.83220624923706,3.44884371757507,-0.415986984968185,-0.480889499187469
0.450999975204468,9.58235740661621,0.492921471595764,2.77387976646423,2.80394172668457,-0.0592521838843822,-0.169433757662773
0.492000102996826,10.9411811828613,0.195314154028893,-0.634397089481354,1.21360075473785,-0.0513875260949135,0.0581068471074104
0.532999992370605,11.8710918426514,-0.618843734264374,-4.27148771286011,-0.172106221318245,-0.393309265375137,-0.322298288345337
0.574000120162964,11.6452693939209,-1.08125674724579,-6.37896585464478,-1.42709195613861,-1.14648389816284,-0.81357216835022
0.615000009536743,10.6944217681885,-0.062811590731144,-5.67368173599243,-2.76668000221252,-2.49744892120361,-0.602371752262115
0.655999898910522,9.37687397003174,1.75872468948364,-3.48305249214172,-3.64408564567566,-4.08504104614258,0.0697129443287849
0.697000026702881,8.14457035064697,3.25184607505798,-1.44018018245697,-3.93439078330994,-5.0530047416687,0.65879875421524
0.73799991607666,8.33300495147705,4.52632331848145,-0.0598205663263798,-3.50420165061951,-4.64770793914795,1.4700802564621
0.779000043869019,10.0639133453369,4.74377107620239,0.510568559169769,-2.13674378395081,-1.99456906318665,1.73954033851624
0.819999933242798,11.6201448440552,3.41994166374207,1.18325078487396,0.216927126049995,1.51910078525543,1.01179218292236
0.861000061035156,11.459527015686,1.88434779644012,3.29970240592957,2.54150629043579,2.93519735336304,0.278546363115311
0.901999950408936,10.065408706665,1.02263259887695,5.58275413513184,3.67256641387939,2.52562427520752,-0.146908760070801
0.943000078201294,9.24048328399658,0.671186745166779,5.82383108139038,4.13513040542603,2.30991888046265,0.0964375138282776
0.983999967575073,9.68405246734619,0.428016155958176,3.95025110244751,4.45246553421021,3.09501028060913,0.74401193857193
1.02500009536743,10.6534442901611,0.00867398176342249,1.53350019454956,4.30632066726685,3.26329874992371,1.05294799804688
1.06599998474121,11.6946220397949,-0.822532773017883,-0.701396107673645,3.56261396408081,1.64256823062897,0.636655569076538
1.10700011253357,12.8916311264038,-2.11764812469482,-3.60987210273743,2.11956357955933,-0.76539158821106,-0.349710047245026
1.14800000190735,13.2197465896606,-2.97936320304871,-7.63938522338867,0.686974108219147,-2.14857888221741,-1.20718693733215
1.18899989128113,12.0714912414551,-2.08953237533569,-10.268798828125,-1.05577313899994,-2.22859978675842,-1.02049672603607
1.23000001907349,10.5128660202026,-0.246161624789238,-9.76600646972656,-2.64611387252808,-2.15338921546936,0.212040349841118
1.27099990844727,9.44835948944092,0.279661148786545,-7.46530771255493,-3.55108428001404,-1.97227311134338,1.0111049413681
1.31200003623962,9.29940605163574,0.0975075215101242,-4.07527589797974,-3.66851949691772,-1.77237331867218,1.44495916366577
1.3529999256134,10.0989084243774,0.0909272581338882,-0.186939269304276,-2.86388111114502,-1.45572543144226,1.72976672649384
1.39400005340576,11.1403837203979,-0.167198479175568,3.09391975402832,-1.29889035224915,-0.46432027220726,1.22024381160736
1.43499994277954,11.4858474731445,0.0666999295353889,5.6120662689209,0.647192656993866,0.676055192947388,0.49715331196785
1.4760000705719,10.8625173568726,0.748953461647034,7.31426048278809,2.35466337203979,1.16144967079163,-0.0751342102885246
1.51699995994568,10.024730682373,0.922134041786194,7.08365249633789,3.77007293701172,1.27499091625214,-0.485776275396347
1.55800008773804,9.93948650360107,0.807278513908386,4.69202613830566,4.57272624969482,1.85835003852844,-0.579235911369324
1.59899997711182,10.8308124542236,0.797109067440033,1.36809635162354,4.50782346725464,2.65016078948975,-0.0568087957799435
1.64000010490417,12.1202449798584,0.335892468690872,-1.43240344524384,4.03434085845947,1.83261811733246,0.0364217683672905
1.68099999427795,13.4988098144531,-0.962812006473541,-3.52761888504028,2.54837846755981,-0.729046225547791,-0.658187925815582
1.72200012207031,14.4993085861206,-2.55284261703491,-6.40349245071411,0.885575830936432,-2.63916563987732,-1.51673376560211
1.76300001144409,14.0988101959229,-3.40079927444458,-9.50518894195557,-0.589314877986908,-2.7426278591156,-1.99968481063843
1.80399990081787,12.376576423645,-2.93868541717529,-10.2290172576904,-2.49347853660583,-2.29953455924988,-1.48138093948364
1.84500002861023,10.0540428161621,-2.21754837036133,-8.6506519317627,-3.82779788970947,-2.3721489906311,-0.673077344894409
1.88599991798401,7.85324382781982,-1.7069798707962,-6.19262504577637,-4.616783618927,-3.1087543964386,-0.185773923993111
1.92700004577637,6.67029237747192,-0.555134832859039,-4.07228517532349,-5.15402364730835,-3.86925935745239,0.519754648208618
1.96799993515015,6.64636421203613,0.877268612384796,-3.27816700935364,-5.50495529174805,-3.71647119522095,1.30675494670868
2.0090000629425,7.67946529388428,2.15712952613831,-3.41814708709717,-5.70752763748169,-2.63313341140747,1.93737840652466
2.04999995231628,8.65812969207764,3.22821688652039,-3.22133755683899,-5.86802768707275,-1.13923013210297,2.09474802017212
2.09100008010864,8.28275585174561,3.88833689689636,-1.88464689254761,-5.77662992477417,0.0344365127384663,1.6548615694046
2.13199996948242,6.71635389328003,3.82462787628174,0.290727943181992,-5.43875503540039,0.412016481161118,0.891302525997162
2.17300009727478,5.04676198959351,2.87707018852234,2.15354037284851,-4.83882665634155,0.148130461573601,0.439122825860977
2.21399998664856,4.56071996688843,1.27028977870941,2.99940323829651,-3.80359315872192,-1.01209759712219,1.04294538497925
2.25500011444092,5.89142847061157,-0.747757077217102,2.3533411026001,-2.64817547798157,-2.0600061416626,2.73491597175598
2.2960000038147,7.99591588973999,-2.93748879432678,0.393918424844742,-1.09555459022522,-1.22742116451263,4.37023019790649
2.33699989318848,9.09990406036377,-4.5595235824585,-0.693320333957672,0.412398248910904,0.389873266220093,4.76269960403442
2.37800002098083,9.35085201263428,-5.01715087890625,0.598504781723022,1.74534332752228,0.136753425002098,4.2441668510437
2.41899991035461,10.3468637466431,-4.84127855300903,2.63539505004883,2.33160400390625,-1.46763694286346,3.89277696609497
2.46000003814697,12.1301155090332,-5.48674249649048,2.92373013496399,2.36382627487183,-1.53185224533081,3.37073159217834
2.50099992752075,13.815260887146,-8.1526460647583,2.2076780796051,2.78057670593262,-0.455386638641357,1.71922957897186
2.54200005531311,14.4801664352417,-11.1843519210815,2.84476709365845,2.95077395439148,-0.16653223335743,-1.30057013034821
2.58299994468689,13.9223394393921,-10.9037933349609,3.97148728370667,2.00823664665222,-0.716752886772156,-4.40207099914551
2.62400007247925,12.208779335022,-7.77846813201904,3.80488705635071,0.401937484741211,-1.17443025112152,-6.88165235519409
2.66499996185303,8.37846851348877,-4.20837688446045,2.82472705841064,-0.915889084339142,-1.25834536552429,-9.18592071533203
2.70600008964539,3.32751893997192,-1.07138633728027,2.71705007553101,-1.8049008846283,-1.91722047328949,-10.3415679931641
2.74699997901917,-0.296111792325974,2.08534502983093,3.88295292854309,-2.2986946105957,-3.46403837203979,-9.38391208648682
2.78800010681152,-1.61694991588593,4.86012172698975,4.57806777954102,-1.63447451591492,-4.5703592300415,-7.02634716033936
2.8289999961853,-1.26670050621033,6.53509759902954,3.35742926597595,0.893745899200439,-3.33285903930664,-4.33235788345337
2.86999988555908,-0.157926291227341,7.93310451507568,0.666700184345245,3.7860312461853,0.648643434047699,-1.48558056354523
2.91100001335144,0.249750867486,10.0683994293213,-1.54486608505249,5.03338146209717,4.46384286880493,1.61767625808716
2.95199990272522,-0.143569365143776,12.6323089599609,-2.47926330566406,4.50011157989502,5.48174333572388,4.75300264358521
2.99300003051758,-0.0391824692487717,14.3449716567993,-3.65294289588928,2.80188012123108,5.41057968139648,7.21502256393433
3.03399991989136,1.21375930309296,12.9978122711182,-4.28165721893311,-0.377809017896652,4.94328165054321,7.28267383575439
3.07500004768372,3.82402968406677,7.98514842987061,-2.53639197349548,-2.28517961502075,2.08321833610535,4.16414594650269
3.1159999370575,6.64038181304932,2.76879501342773,-0.020638095214963,-1.77428221702576,-1.03889846801758,-0.6173375248909
3.15700006484985,8.55882740020752,0.533898532390594,0.499501734972,-0.979035437107086,-1.97402930259705,-4.30716037750244
3.19799995422363,9.21625518798828,1.4584254026413,-0.8222336769104,-0.685294270515442,-1.15495944023132,-5.96148729324341
3.23900008201599,7.92054224014282,3.35473728179932,-2.27527523040771,-0.34329617023468,0.0455081202089787,-6.44092607498169
3.27999997138977,5.34586477279663,4.67826747894287,-2.69222450256348,0.119344286620617,0.228380516171455,-6.08518409729004
3.32100009918213,2.55942296981812,5.29352188110352,-1.54875445365906,0.16683766245842,-1.48901653289795,-4.90808153152466
3.36199998855591,0.0329013131558895,5.46072053909302,-0.277268320322037,0.350015491247177,-3.73487281799316,-3.16892290115356
3.40300011634827,-1.92831599712372,5.58664274215698,-0.889830946922302,1.83819210529327,-3.1195969581604,-1.31874287128448
3.44400000572205,-2.66769814491272,6.12442970275879,-2.46789741516113,3.32415437698364,-0.223951876163483,1.01408278942108
3.48499989509583,-2.53908395767212,7.44496870040894,-3.31316208839417,3.2135910987854,1.79558551311493,4.07664203643799
3.52600002288818,-2.12811660766602,9.00239658355713,-4.10309267044067,2.58128786087036,2.78561615943909,6.39854860305786
3.56699991226196,-0.390030086040497,9.74237728118896,-5.06022167205811,1.59064626693726,2.60480546951294,7.18486166000366
3.60800004005432,3.22193574905396,8.83041286468506,-5.17747020721436,0.376892745494843,1.93821835517883,5.86451530456543
3.6489999294281,7.8317084312439,7.08514785766602,-4.22213554382324,0.114610217511654,0.634441256523132,2.68803334236145
3.69000005722046,12.3101749420166,5.8893346786499,-3.60927391052246,0.705299496650696,-0.663914620876312,-0.397661566734314
3.73099994659424,15.0430774688721,5.38235521316528,-4.36899518966675,0.52639764547348,-0.683919847011566,-2.84708261489868
3.7720000743866,15.1112728118896,5.65543651580811,-5.46999263763428,0.142327412962914,-0.266863882541656,-3.977379322052
3.81299996376038,13.4024991989136,5.86480808258057,-6.25035190582275,-0.28121879696846,0.118428014218807,-4.13673400878906
3.85400009155273,10.9046907424927,5.36949396133423,-6.77826833724976,-0.638793528079987,0.596263289451599,-4.11489629745483
3.89499998092651,7.75992393493652,4.44945383071899,-6.14925527572632,-0.7382852435112,0.52990996837616,-4.06847190856934
3.93600010871887,4.50508689880371,3.55154705047607,-4.73150777816772,-0.682850897312164,0.00839914940297604,-3.76297187805176
3.97699999809265,1.83768773078918,2.99372029304504,-3.57517623901367,-0.455386638641357,-0.164623335003853,-2.99223518371582
4.01799988746643,-0.0469591431319714,2.76371026039124,-3.23300242424011,-0.249531105160713,0.759283125400543,-1.67547762393951
4.05900001525879,-1.55413830280304,2.73529529571533,-3.24406933784485,-0.0409267656505108,2.00640416145325,0.0389415137469769
4.09999990463257,-3.10139727592468,2.82831645011902,-3.024827003479,0.367195546627045,2.16530084609985,1.68967986106873
4.14100003242493,-4.17786836624146,3.05653190612793,-2.70777797698975,0.436374008655548,1.1622896194458,3.12265110015869
4.18199992179871,-3.94576454162598,3.25094866752625,-2.85284280776978,0.0836097151041031,0.282669574022293,4.31685781478882
4.22300004959106,-1.8508483171463,3.25364065170288,-3.63021111488342,0.0264954995363951,0.211734935641289,5.45998191833496
4.26399993896484,2.05842566490173,2.7693932056427,-4.60169696807861,-0.447827398777008,0.747906088829041,5.93987894058228
4.3050000667572,6.42054128646851,2.0386848449707,-4.69501733779907,-0.869082927703857,1.04790842533112,5.01108551025391
4.34599995613098,10.2131652832031,2.10717940330505,-3.27188587188721,-0.372158706188202,0.081700824201107,3.83948040008545
4.38700008392334,13.6241340637207,2.91894459724426,-2.01206469535828,0.207917138934135,-0.8166264295578,2.49416565895081
4.42799997329712,16.8176555633545,3.76839661598206,-2.4430718421936,0.593285381793976,-0.832050323486328,0.876107692718506
4.46900010108948,19.0621223449707,3.97059011459351,-3.83120822906494,0.46012070775032,-0.244415253400803,-0.86747944355011
4.50999999046326,18.9206466674805,3.64217519760132,-4.66121864318848,0.348641067743301,0.167982995510101,-2.39864444732666
4.55100011825562,16.8059902191162,3.28983211517334,-4.45453834533691,0.490052223205566,0.205397397279739,-3.14998650550842
4.59200000762939,14.5435762405396,2.68085861206055,-4.17128801345825,0.565644562244415,0.386742681264877,-3.35904908180237
4.63299989700317,12.3496570587158,1.74705958366394,-4.0483570098877,0.501047492027283,0.581297516822815,-3.57803773880005
4.67400002479553,10.0040922164917,0.787537753582001,-3.82432889938354,0.402242928743362,0.414307147264481,-3.76426982879639
4.71499991416931,7.23978424072266,0.239282265305519,-3.83928394317627,0.452103316783905,0.503185451030731,-3.68149995803833
4.75600004196167,3.9810585975647,0.65832531452179,-3.89521622657776,0.360476225614548,0.972697913646698,-2.59228301048279
4.79699993133545,0.755832850933075,1.67467677593231,-3.64755892753601,0.250294655561447,1.24742650985718,-0.665212690830231
4.83800005912781,-1.70997083187103,2.35782766342163,-3.18006134033203,0.164165198802948,0.958953857421875,1.17359030246735
4.87899994850159,-2.39581370353699,2.54237413406372,-2.57766819000244,-0.513035356998444,-0.161798164248466,2.74789643287659
4.92000007629395,-0.572482824325562,2.36051964759827,-2.49631214141846,-1.28033590316772,-0.575876235961914,4.05068111419678
4.96099996566772,3.0385856628418,1.80029988288879,-3.45045018196106,-1.22146546840668,0.59107106924057,4.86379480361938
5.00200009346008,6.3406810760498,1.20538437366486,-3.84765887260437,-0.796086668968201,1.98708617687225,4.79003524780273
5.04299998283386,8.52831935882568,1.01276218891144,-2.01116752624512,-0.687508583068848,1.30522787570953,4.36442708969116
5.08400011062622,10.2963161468506,1.00678014755249,0.139681026339531,-0.566942632198334,-0.15179555118084,3.55757451057434
5.125,12.5605239868164,1.02412807941437,0.999601662158966,-0.239299416542053,-1.20062029361725,2.48950791358948
5.16599988937378,15.5742845535278,0.959521889686584,0.168394893407822,-0.137211561203003,-1.26956963539124,1.23406422138214
5.20700001716614,18.3409862518311,0.234795719385147,-1.74227404594421,-0.181345283985138,-0.378725290298462,-0.237008735537529
5.24799990653992,19.1674060821533,-0.865304470062256,-2.93988180160522,0.0666587054729462,0.514180660247803,-1.79947972297668
5.28900003433228,17.647066116333,-1.32203447818756,-2.80648183822632,0.522121667861938,0.528917372226715,-2.90373873710632
5.32999992370605,15.4558401107788,-1.04835546016693,-1.96779751777649,0.517463982105255,-0.217919766902924,-3.25978636741638
5.37100005149841,13.6749811172485,-0.626620411872864,-1.81645143032074,0.387048095464706,-0.574807286262512,-3.37844347953796
5.41199994087219,12.1860475540161,-0.377467781305313,-2.57736897468567,0.517769396305084,0.00160347402561456,-3.60407519340515
5.45300006866455,10.4027967453003,-0.211166605353355,-2.99701046943665,0.826934456825256,0.383230298757553,-3.73410940170288
5.49399995803833,7.84875726699829,-0.0418743975460529,-2.36620259284973,0.716371119022369,-0.148970380425453,-3.71288228034973
5.53500008583069,4.94805812835693,0.349651217460632,-1.35613226890564,0.53212434053421,-1.01988589763641,-3.09523940086365
5.57599997520447,2.50498628616333,1.1554342508316,-0.716052174568176,0.252738058567047,-1.34271860122681,-1.55827140808105
5.61700010299683,0.958325445652008,2.02731895446777,-0.651745080947876,0.192264169454575,-0.764704406261444,0.438053846359253
5.65799999237061,0.51326048374176,2.63838601112366,-0.771984398365021,0.285342037677765,0.307027101516724,2.32648825645447
5.69900012016296,1.31724882125854,2.83130741119385,-0.6801598072052,0.354902267456055,1.22215270996094,3.82245302200317
5.74000000953674,3.17617297172546,2.4667010307312,-0.816849827766418,0.625583946704865,1.47931933403015,4.5866231918335
5.78099989891052,5.69192695617676,1.84486627578735,-1.53200471401215,0.493182808160782,1.29224741458893,4.248366355896
5.82200002670288,8.69162940979004,1.81645143032074,-2.31984162330627,0.00351237179711461,0.630776166915894,3.22137928009033
5.86299991607666,11.8217401504517,2.96739912033081,-2.87078905105591,-0.175924003124237,-0.361850649118423,2.20156979560852
5.90400004386902,14.8262281417847,4.04865598678589,-3.53898477554321,-0.267322033643723,-1.0208021402359,1.03424072265625
5.9449999332428,17.3644142150879,3.61495685577393,-4.52004194259644,-0.392087578773499,-0.968956470489502,-0.374067604541779
5.98600006103516,18.3795700073242,1.71415829658508,-5.30548620223999,-0.423317164182663,-0.238841280341148,-2.03488492965698
6.02699995040894,16.9618225097656,-0.185443758964539,-5.16281414031982,0.0400868505239487,0.179818168282509,-3.6531720161438
6.06800007820129,14.1957197189331,-0.908076167106628,-4.10428905487061,0.310539484024048,-0.323138207197189,-4.50614404678345
6.10899996757507,11.5860471725464,-0.51326048374176,-3.170490026474,0.129346907138824,-0.892295122146606,-4.55684423446655
6.15000009536743,9.2793664932251,0.456730008125305,-2.98983192443848,-0.0743706524372101,-0.744088292121887,-4.10695505142212
6.19099998474121,6.98375177383423,1.48594284057617,-3.11276316642761,-0.0371089726686478,-0.129881396889687,-3.58781147003174
6.23200011253357,4.7865424156189,2.39820647239685,-2.88424849510193,0.0509293898940086,0.241284668445587,-2.83570575714111
6.27300000190735,2.89860558509827,3.21206521987915,-2.46550464630127,0.393385648727417,0.166379526257515,-1.72327649593353
6.31399989128113,1.33908331394196,3.92273354530334,-2.5851457118988,0.913140296936035,-0.0132859274744987,-0.442100703716278
6.35500001907349,0.0248255357146263,4.49312257766724,-3.50339150428772,1.09211850166321,-0.0875802263617516,0.6907919049263
6.39599990844727,-0.865902721881866,5.01774930953979,-4.65583467483521,0.551366031169891,-0.378419876098633,1.64890587329865
6.43700003623962,-0.886839866638184,5.67786884307861,-5.69491767883301,-0.402548342943192,-0.952921748161316,2.75072145462036
6.4779999256134,0.195613250136375,6.19202661514282,-6.70917558670044,-1.5533082485199,-1.1287693977356,3.82428550720215
6.51900005340576,2.0688943862915,6.29013252258301,-7.24367237091064,-2.66535568237305,-0.965215027332306,4.50232601165771
6.55999994277954,4.32562494277954,5.94377136230469,-6.88744068145752,-3.2891833782196,-0.722174167633057,4.62938213348389
6.6010000705719,6.60867691040039,5.10538625717163,-5.89053106307983,-2.83608746528625,-0.263351529836655,4.11901950836182
6.64199995994568,8.65812969207764,3.57876539230347,-4.49043083190918,-1.18641805648804,0.121864028275013,2.85013699531555
6.68300008773804,10.562816619873,1.54725897312164,-2.72542500495911,0.276561111211777,0.120871402323246,1.47084379196167
6.72399997711182,12.1872434616089,-0.268594354391098,-1.18354988098145,0.729962468147278,-0.0075592347420752,0.440115451812744
6.76500010490417,12.7998065948486,-1.18145620822906,-0.316749900579453,1.2951488494873,-0.0416139699518681,-0.530826270580292
6.80599999427795,12.1905336380005,-1.16380906105042,0.0643071085214615,2.07909488677979,0.00778830237686634,-1.30652594566345
6.84700012207031,11.1481609344482,-0.73100733757019,-0.004486542660743,2.56090068817139,0.0479515083134174,-1.47725772857666
6.88800001144409,10.342677116394,-0.280558466911316,-0.865902721881866,2.91862821578979,0.442100703716278,-1.25994884967804
6.92899990081787,9.85603618621826,0.309571415185928,-2.71944284439087,3.19549465179443,1.14816379547119,-0.902832269668579
6.97000002861023,9.5626163482666,1.4449657201767,-5.05543613433838,2.74407863616943,1.33554112911224,-0.581221163272858
7.01099991798401,9.39212799072266,2.73948287963867,-7.51495838165283,1.19115209579468,0.8479323387146,-0.454623073339462
7.05200004577637,9.24885749816895,3.36999154090881,-10.2083797454834,-0.592827260494232,0.354367762804031,-0.872900724411011
7.09299993515015,9.18664455413818,3.47796773910522,-11.5510520935059,-1.82398986816406,-0.473482996225357,-1.24475395679474
7.1340000629425,9.28833961486816,3.45942330360413,-10.827223777771,-2.37764668464661,-1.52910339832306,-1.20604157447815
7.17499995231628,9.42173957824707,3.27487683296204,-9.5198450088501,-2.49218034744263,-2.01564335823059,-1.15954077243805
7.21600008010864,9.54108142852783,3.18783807754517,-8.04766082763672,-2.31755447387695,-2.16232299804688,-1.15633380413055
7.25699996948242,9.48993492126465,3.23539543151855,-6.46690225601196,-2.15965056419373,-2.28479790687561,-1.17343759536743
7.29800009727478,9.11067199707031,3.36759877204895,-5.05752992630005,-2.11482954025269,-2.36947655677795,-1.15740287303925
7.33899998664856,8.37936592102051,3.64995193481445,-3.97298288345337,-2.02243900299072,-2.32396841049194,-1.04882478713989
7.38000011444092,7.37856769561768,4.02861595153809,-3.1537401676178,-1.85598301887512,-2.16713333129883,-0.822124063968658
7.4210000038147,6.37089014053345,4.39980268478394,-2.66620254516602,-1.49970638751984,-1.89202308654785,-0.510133802890778
7.46199989318848,5.51575517654419,4.72223567962646,-2.52173590660095,-1.02568888664246,-1.45297658443451,-0.189209938049316
7.50300002098083,4.78056049346924,5.02582502365112,-2.40359044075012,-0.65223217010498,-1.10059404373169,0.11712995916605
7.54399991035461,4.14676141738892,5.37009239196777,-2.12632203102112,-0.358338266611099,-1.06554663181305,0.364828526973724
7.58500003814697,3.74237465858459,5.82143831253052,-1.97587335109711,-0.148206815123558,-1.20604157447815,0.516165912151337
7.62599992752075,3.7235312461853,6.25932502746582,-2.23938298225403,-0.0943759009242058,-1.14678943157196,0.600844621658325
7.66700005531311,4.03190612792969,6.46211671829224,-2.75683069229126,-0.0724617540836334,-0.962237119674683,0.632837772369385
7.70799994468689,4.32353162765503,6.47198724746704,-3.1384859085083,-0.0853659063577652,-0.851444721221924,0.634899377822876
7.74900007247925,4.40040063858032,6.57637405395508,-3.1890344619751,-0.18730103969574,-0.899548947811127,0.721716046333313
7.78999996185303,4.32682132720947,6.99003314971924,-3.16091871261597,-0.296184569597244,-0.887408375740051,0.869922876358032
7.83100008964539,4.24307298660278,7.69920587539673,-3.01046991348267,-0.398730546236038,-0.686745047569275,1.08959877490997
7.87199997901917,4.45184659957886,8.60907649993896,-2.54028034210205,-0.321916490793228,-0.323596328496933,1.44121778011322
7.91300010681152,5.14157772064209,9.43011379241943,-1.92951238155365,-0.0911689549684525,0.319167703390121,1.67257618904114
7.9539999961853,6.24167776107788,9.77916717529297,-1.41266262531281,0.36948624253273,0.813266754150391,1.5123051404953
7.99499988555908,7.54008340835571,9.44207859039307,-1.1503494977951,0.742255747318268,0.945515215396881,0.792039811611176
8.03600001335144,8.76939582824707,8.77238655090332,-1.19551396369934,0.886568427085876,0.839304149150848,0.00030542362947017
8.07699990272522,9.69272613525391,8.1954174041748,-1.48594284057617,0.931007564067841,0.709270000457764,-0.547700941562653
8.11800003051758,10.0531454086304,7.6540412902832,-1.8628123998642,0.915354609489441,0.840983986854553,-1.06898272037506
8.15899991989136,9.80608654022217,7.06361246109009,-2.0623140335083,1.08028340339661,0.905046582221985,-1.50031721591949
8.20000004768372,9.21087169647217,6.44865703582764,-2.08743858337402,1.21627330780029,0.928869605064392,-1.82986927032471
8.2409999370575,8.63838863372803,5.81366157531738,-2.21036982536316,1.25605463981628,1.08219230175018,-2.03457951545715
8.28200006484985,8.3530445098877,5.12123870849609,-2.57228446006775,1.22360336780548,1.43327677249908,-2.15216755867004
8.32299995422363,8.24955558776855,4.33340167999268,-3.01705026626587,1.27300572395325,1.86400043964386,-2.23180675506592
8.36400008201599,8.08415126800537,3.51116824150085,-3.34755897521973,1.43671274185181,2.24807071685791,-2.33137488365173
8.40499997138977,7.70159864425659,2.89232444763184,-3.65683126449585,1.72205471992493,2.54288077354431,-2.46919727325439
8.44600009918213,7.1126651763916,2.66470718383789,-4.08305263519287,1.98609352111816,2.81409692764282,-2.55631947517395
8.48699998855591,6.59910583496094,2.71076893806458,-4.64716053009033,2.19057464599609,3.17961263656616,-2.4606454372406
8.52800011634827,6.25424003601074,2.81635236740112,-5.32821798324585,2.44514513015747,3.56444644927979,-2.24188590049744
8.56900000572205,6.12742042541504,2.86241412162781,-6.02602481842041,2.79256463050842,3.84184741973877,-2.00083017349243
8.60999989509583,6.18066072463989,2.87138724327087,-6.69122934341431,3.11883330345154,3.83329558372498,-1.79688358306885
8.65100002288818,6.55812883377075,2.82353067398071,-7.26460933685303,3.13746428489685,3.75755047798157,-1.44129407405853
8.69199991226196,7.35105037689209,2.57826638221741,-8.02044200897217,3.21397280693054,3.77053117752075,-1.0401965379715
8.73300004005432,8.01894664764404,2.08504581451416,-8.91206836700439,3.18304872512817,3.80794548988342,-0.972697913646698
8.7739999294281,8.01446056365967,1.67587316036224,-9.4692964553833,3.32644510269165,3.01834893226624,-1.32920360565186
8.81500005722046,7.71775054931641,1.56430780887604,-9.54257678985596,2.60075855255127,1.53131771087646,-1.41617298126221
8.85599994659424,7.39980411529541,1.54067862033844,-10.2026968002319,2.17056941986084,0.35803285241127,-1.38242375850677
8.8970000743866,6.87757062911987,1.63669073581696,-11.4792671203613,1.55025398731232,-0.148894011974335,-1.30744218826294
8.93799996376038,6.07537651062012,2.063809633255,-12.3729867935181,0.696976721286774,-0.593514442443848,-0.869159281253815
8.97900009155273,5.19601440429688,2.55104804039001,-12.4776725769043,-0.185163080692291,-1.18649446964264,-0.0869693756103516
9.01999998092651,4.53709077835083,2.64795732498169,-12.1737842559814,-0.97025454044342,-1.58629393577576,0.685141563415527
9.06100010871887,4.37647247314453,2.40030026435852,-11.6063861846924,-1.56781589984894,-1.78283405303955,1.30415892601013
9.10199999809265,4.66720056533813,2.08803677558899,-10.7721881866455,-2.00075387954712,-1.86148071289062,1.80276298522949
9.14299988746643,5.12213611602783,1.87746846675873,-9.75464057922363,-2.33671975135803,-1.81513261795044,2.28762292861938
9.18400001525879,5.61894559860229,1.60977149009705,-8.71645450592041,-2.37161445617676,-1.75511693954468,2.74033713340759
9.22499990463257,6.18993330001831,1.0235298871994,-7.80957508087158,-2.23356294631958,-1.73419535160065,2.8980884552002
9.26600003242493,6.83808898925781,0.342771857976913,-6.97717189788818,-2.32213592529297,-1.71586990356445,2.69902873039246
9.30699992179871,7.46530771255493,0.0810568705201149,-6.2072811126709,-2.35336542129517,-1.78726267814636,2.54578232765198
9.34800004959106,7.8583288192749,0.331705033779144,-5.57019186019897,-2.1593451499939,-1.90256011486053,2.62053465843201
9.38899993896484,7.91156911849976,0.817448019981384,-4.96331214904785,-2.15888690948486,-1.91034841537476,2.83898901939392
9.4300000667572,7.7180495262146,1.32023990154266,-4.35972309112549,-2.14705181121826,-1.7899352312088,3.14380168914795
9.47099995613098,7.52452993392944,1.7291134595871,-3.76959300041199,-1.8633896112442,-1.71663355827332,3.51786947250366
9.51200008392334,7.42552709579468,2.11615252494812,-3.11186575889587,-1.44564640522003,-1.73060667514801,3.8474977016449
9.55299997329712,7.44586563110352,2.87826657295227,-2.41824626922607,-0.929022312164307,-1.54368734359741,4.25478029251099
9.59400010108948,7.87358283996582,3.80219507217407,-2.02492618560791,-0.177985623478889,-1.22230541706085,4.89868974685669
9.63499999046326,8.57527828216553,3.59730982780457,-2.53280282020569,0.42278265953064,-0.707437455654144,4.88677787780762
9.67600011825562,9.34995460510254,1.77098786830902,-4.31695127487183,0.592063724994659,0.279615342617035,3.71754002571106
9.71700000762939,10.3806629180908,-0.0927218794822693,-6.36012268066406,0.443398743867874,1.29667603969574,2.42735433578491
9.75799989700317,11.3922290802002,-0.743569612503052,-7.01814889907837,0.265107721090317,1.58293426036835,1.85170710086823
9.79900002479553,11.7999057769775,-0.97926265001297,-6.54257535934448,0.171495363116264,1.29140746593475,1.35417199134827
9.83999991416931,11.7329063415527,-1.37318110466003,-5.84985303878784,0.237848654389381,0.709728181362152,0.52487051486969
9.88100004196167,11.6207427978516,-1.7730815410614,-5.44038152694702,0.385520964860916,0.0287098214030266,-0.431945353746414
9.92199993133545,11.5274229049683,-1.92083835601807,-5.60159778594971,0.260068207979202,-0.346426755189896,-1.35615730285645
9.96300005912781,11.4726877212524,-1.71834576129913,-6.10588502883911,-0.323138207197189,-0.30259844660759,-2.05809712409973
10.0039999485016,11.5034952163696,-1.35015022754669,-6.39631414413452,-0.999804258346558,-0.230823904275894,-2.43743324279785
10.0450000762939,11.4278221130371,-1.06420791149139,-6.21864700317383,-1.44297397136688,-0.14965757727623,-2.84425759315491
10.0859999656677,11.1056880950928,-0.756730139255524,-5.75144815444946,-1.36257112026215,-0.00824643764644861,-3.27849364280701
10.1270000934601,10.6450700759888,-0.294018089771271,-5.25882577896118,-1.16618382930756,0.241437375545502,-3.5959050655365
10.1679999828339,10.0905332565308,0.281455755233765,-4.82871627807617,-0.968498349189758,0.565262794494629,-3.79275059700012
10.2090001106262,9.43759155273438,0.865304470062256,-4.32592439651489,-0.951623678207397,0.883743286132812,-3.88269782066345
10.25,8.64257621765137,1.4449657201767,-3.7103705406189,-1.02316915988922,1.11571252346039,-3.86994647979736
10.2909998893738,7.76321411132812,2.10837578773499,-3.12412905693054,-0.9786536693573,1.35333204269409,-3.65958595275879
10.3320000171661,6.87039184570312,2.80408906936646,-2.60937309265137,-0.803569555282593,1.67883729934692,-3.23352003097534
10.3729999065399,6.08973360061646,3.39092874526978,-2.11764812469482,-0.496847897768021,2.15949773788452,-2.54219365119934
10.4140000343323,5.53519678115845,3.78365087509155,-1.99621224403381,0.346197694540024,2.87602162361145,-1.61530923843384
10.4549999237061,4.93639326095581,3.86351132392883,-2.36560440063477,2.05832624435425,3.81924605369568,-0.570225894451141
10.4960000514984,4.17158699035645,3.94217538833618,-3.55274343490601,4.65511417388916,5.07339191436768,0.422019094228745
10.5369999408722,3.45493674278259,4.16351127624512,-5.63509750366211,6.85653162002563,6.59188175201416,1.13335072994232
10.5780000686646,3.76809740066528,4.11655235290527,-6.65503787994385,6.96915626525879,6.20941495895386,1.71128857135773
10.6189999580383,5.42333269119263,2.96470737457275,-6.15912532806396,5.0788893699646,3.42364621162415,1.25017523765564
10.6600000858307,7.24217700958252,1.12313115596771,-6.60090017318726,3.93141293525696,0.531666159629822,0.0513111688196659
10.7009999752045,8.34676361083984,-0.0224327128380537,-8.36859798431396,2.96986293792725,-1.17878246307373,-0.787000358104706
10.7420001029968,8.51814937591553,-0.0804586634039879,-10.1482601165771,1.55750775337219,-1.58919548988342,-0.501200199127197
10.7829999923706,7.78684329986572,0.233898416161537,-11.2992076873779,0.404533594846725,-1.5684267282486,0.311684817075729
10.824000120163,6.55872678756714,0.250947266817093,-11.6027965545654,-0.397661566734314,-1.90737056732178,0.923066556453705
10.8650000095367,5.42333269119263,0.0834496915340424,-11.2498559951782,-1.11174201965332,-2.38367867469788,1.36845052242279
10.9059998989105,4.76231527328491,0.0107677020132542,-10.5726871490479,-1.88843429088593,-2.67833614349365,1.87071967124939
10.9470000267029,4.59063005447388,-0.229112774133682,-9.95563793182373,-2.3506166934967,-2.60091137886047,2.33221483230591
10.9879999160767,4.73569488525391,-0.730109989643097,-9.53420162200928,-2.30877351760864,-2.23799157142639,2.58647990226746
11.029000043869,5.03360176086426,-1.06749796867371,-9.15822982788086,-2.02121710777283,-1.7466413974762,2.73163247108459
11.0699999332428,5.19631338119507,-1.07557380199432,-8.85134983062744,-1.7304539680481,-1.16404581069946,2.8095920085907
11.1110000610352,5.12153768539429,-0.712762057781219,-8.48345375061035,-1.57445883750916,-0.665899872779846,2.88373351097107
11.1519999504089,4.97946405410767,-0.0873380228877068,-7.99950504302979,-1.44549369812012,-0.574807286262512,3.03491830825806
11.1930000782013,4.91964340209961,0.594317317008972,-7.72193765640259,-1.1569447517395,-0.87962007522583,3.22733521461487
11.2339999675751,4.99172735214233,1.20119690895081,-7.95075130462646,-0.658646047115326,-1.35898244380951,3.33339357376099
11.2750000953674,5.25523662567139,1.73360002040863,-8.59322452545166,-0.370326161384583,-1.88683080673218,3.30017876625061
11.3159999847412,5.61086988449097,2.13738894462585,-9.43878841400146,-0.490204930305481,-2.11398959159851,3.11402297019958
11.3570001125336,5.84716129302979,2.39102792739868,-10.1479606628418,-0.871144533157349,-1.82078301906586,2.763014793396
11.3980000019073,5.85523700714111,2.66291260719299,-10.2418794631958,-1.32485139369965,-1.22459602355957,2.34740972518921
11.4389998912811,5.72064065933228,3.11126756668091,-9.51416206359863,-1.72121489048004,-0.805020332336426,2.11467695236206
11.4800000190735,5.50618410110474,3.65533566474915,-8.37846851348877,-1.94814467430115,-0.53563666343689,1.96104872226715
11.5209999084473,5.31984281539917,4.19491720199585,-7.39531755447388,-2.12559580802917,-0.280684322118759,1.70640182495117
11.5620000362396,5.33419990539551,4.68574476242065,-6.8721866607666,-2.55311250686646,-0.0689493864774704,1.20970666408539
11.6029999256134,5.57976341247559,5.12871646881104,-6.51954460144043,-3.10821986198425,-0.223875522613525,0.520289123058319
11.6440000534058,5.7523455619812,5.77148818969727,-6.18783950805664,-3.15601873397827,-0.455081194639206,-0.0361163429915905
11.6849999427795,5.46460866928101,6.4881386756897,-5.68684196472168,-2.9542863368988,-0.11682453751564,-0.321382015943527
11.7260000705719,4.88135814666748,6.75673294067383,-4.47158718109131,-2.70063209533691,0.415834277868271,-0.428127586841583
11.7669999599457,4.40010166168213,6.73130941390991,-2.94556474685669,-1.94279968738556,0.666892468929291,-0.313822776079178
11.808000087738,4.19461822509766,6.8318076133728,-1.87268280982971,-0.569844126701355,0.817848145961761,-0.110181577503681
11.8489999771118,4.34177684783936,7.24486875534058,-1.74616229534149,0.971552550792694,1.1816840171814,-0.0865876004099846
11.8900001049042,4.96510696411133,7.92891693115234,-2.67966222763062,1.73564612865448,2.05397391319275,-0.262664318084717
11.930999994278,5.49721097946167,8.50887775421143,-3.58026099205017,1.54613077640533,2.57265949249268,-0.675215303897858
11.9720001220703,5.3916277885437,8.65573692321777,-3.54586410522461,1.13029646873474,2.10719394683838,-1.32187342643738
12.0130000114441,5.15892553329468,8.51156902313232,-3.3194432258606,0.984227657318115,1.71770250797272,-1.68311321735382
12.0539999008179,5.34975337982178,8.2360954284668,-3.63948321342468,0.884201407432556,2.08810496330261,-1.61370575428009
12.0950000286102,5.71735048294067,7.86909627914429,-4.26071977615356,1.10624444484711,2.69857048988342,-1.4453409910202
12.135999917984,5.8657054901123,7.36899662017822,-4.7099723815918,1.60721552371979,2.84799909591675,-1.52803444862366
12.1770000457764,5.6691951751709,6.71126937866211,-4.92622375488281,1.94661748409271,2.59335207939148,-2.01976656913757
12.2179999351501,5.23848676681519,6.19561624526978,-5.05244493484497,2.1139132976532,2.2511248588562,-2.5568540096283
12.2590000629425,4.83170700073242,6.01465892791748,-5.24626350402832,2.23967146873474,2.07993483543396,-2.78660893440247
12.2999999523163,4.55055046081543,5.86899566650391,-5.71286392211914,2.21584844589233,2.15758895874023,-2.83532381057739
12.3410000801086,4.39023113250732,5.54058074951172,-6.40259504318237,2.12758111953735,2.29732012748718,-2.85212230682373
12.3819999694824,4.31695127487183,5.08923482894897,-7.18086051940918,2.05473756790161,2.2618145942688,-2.91412329673767
12.4230000972748,4.32113838195801,4.56311273574829,-8.04437065124512,1.86896359920502,2.00541162490845,-3.03827786445618
12.4639999866486,4.28225517272949,4.07198572158813,-8.91924667358398,1.58018553256989,1.71930599212646,-3.01895976066589
12.5050001144409,3.91944360733032,3.62512636184692,-9.8273229598999,1.36089134216309,1.77466404438019,-2.81875467300415
12.5460000038147,3.06490659713745,3.14028072357178,-10.5996065139771,1.05562043190002,2.05824995040894,-2.55670118331909
12.5869998931885,2.03240370750427,2.71495628356934,-10.8723878860474,0.626500248908997,1.99464535713196,-2.12093806266785
12.6280000209808,1.11296164989471,2.37816667556763,-10.8059873580933,0.362690567970276,1.45144939422607,-1.61576735973358
12.6689999103546,0.384048044681549,2.12392926216125,-10.7042922973633,0.266176700592041,0.697205781936646,-1.04767942428589
12.710000038147,-0.115752793848515,2.00727915763855,-10.6827564239502,0.18852274119854,0.0171800795942545,-0.394225537776947
12.7509999275208,-0.326321184635162,2.04915356636047,-10.7063856124878,0.020387027412653,-0.575189054012299,0.377198189496994
12.7920000553131,-0.285643190145493,2.15413856506348,-10.7611217498779,-0.205015614628792,-0.962389826774597,1.11410903930664
12.8329999446869,-0.0637089014053345,2.25164604187012,-10.7718896865845,-0.362919628620148,-1.22337436676025,1.69174146652222
12.8740000724792,0.348454803228378,2.39701008796692,-10.607382774353,-0.481194913387299,-1.61462199687958,2.15071678161621
12.914999961853,0.934696316719055,2.56809687614441,-10.4524478912354,-0.590994715690613,-2.01289439201355,2.51554536819458
12.9560000896454,1.59601271152496,2.70000123977661,-10.4162559509277,-0.74049961566925,-2.2219569683075,2.79569530487061
12.9969999790192,2.24985146522522,2.84386968612671,-10.1868438720703,-0.997742652893066,-2.38047170639038,3.05209827423096
13.0380001068115,2.87019085884094,2.98863554000854,-9.77976512908936,-1.1493091583252,-2.51180386543274,3.29697179794312
13.0789999961853,3.26111817359924,3.01884484291077,-9.27667427062988,-1.20023846626282,-2.37802839279175,3.41593432426453
13.1199998855591,3.47856593132019,3.02542519569397,-8.69491958618164,-1.23505675792694,-2.05504298210144,3.44846177101135
13.1610000133514,3.70289301872253,3.19501638412476,-8.00518798828125,-1.29805040359497,-1.77603840827942,3.48801422119141
13.2019999027252,3.90000176429749,3.64666175842285,-7.1733832359314,-1.46885859966278,-1.66600954532623,3.56994414329529
13.2430000305176,4.10159730911255,4.55473804473877,-6.38524723052979,-1.68364775180817,-1.79673087596893,3.88552308082581
13.2839999198914,4.3920259475708,5.99521732330322,-6.1501522064209,-1.88728892803192,-1.86132800579071,4.27425098419189
13.3250000476837,4.84785890579224,7.65643405914307,-6.91645383834839,-1.78092515468597,-1.11441445350647,4.03075218200684
13.3659999370575,5.67786884307861,8.93569660186768,-7.76201772689819,-1.77840542793274,-0.237619578838348,3.12624001502991
13.4070000648499,6.78425025939941,9.41426181793213,-7.56789970397949,-2.03366327285767,-0.0400868505239487,1.88041698932648
13.4479999542236,7.74377250671387,9.17856884002686,-6.41037178039551,-2.29510593414307,-0.36223241686821,0.602371752262115
13.489000082016,8.36381244659424,8.54118061065674,-5.10149765014648,-2.43567705154419,-0.509981095790863,-0.443627834320068
13.5299999713898,8.52831935882568,7.7742805480957,-3.87726998329163,-2.25036120414734,-0.187835529446602,-1.12533330917358
13.5710000991821,8.20139980316162,7.20239639282227,-2.27019047737122,-1.79741811752319,0.301682204008102,-1.40105450153351
13.6119999885559,7.53858757019043,6.90867710113525,-0.603290438652039,-1.12808215618134,0.900541543960571,-1.44763159751892
13.6530001163483,6.66849756240845,6.65862703323364,0.292821675539017,-0.329552084207535,1.72518539428711,-1.44755530357361
13.694000005722,5.60219621658325,6.38853740692139,0.5515456199646,0.200663328170776,2.40200424194336,-1.42594659328461
13.7349998950958,4.35553550720215,6.27009248733521,0.770189762115479,0.315960735082626,2.41437387466431,-1.37753689289093
13.7760000228882,3.09571433067322,6.61884641647339,1.03998053073883,0.304583728313446,1.78840804100037,-1.34233689308167
13.816999912262,2.06949257850647,7.55862760543823,1.00707924365997,0.172487989068031,1.17030704021454,-1.31981182098389
13.8580000400543,1.56400871276855,8.86570739746094,0.48394837975502,-0.110716067254543,0.975064933300018,-1.19748973846436
13.8989999294281,1.66510546207428,10.1856479644775,-0.318245410919189,-0.199365273118019,1.11395633220673,-0.854804396629333
13.9400000572205,1.98993110656738,11.1311120986938,-1.06211411952972,-0.409114956855774,1.70632541179657,-0.608785629272461
13.9809999465942,1.97677063941956,11.5944223403931,-1.20418798923492,-0.642305910587311,2.08230185508728,-0.668190538883209
14.0220000743866,1.60797679424286,11.7705936431885,-0.55782675743103,-0.762413740158081,1.69746816158295,-0.820062458515167
14.0629999637604,1.18055891990662,11.9754791259766,0.270987153053284,-0.842281997203827,1.29377448558807,-1.02492535114288
14.1040000915527,0.787537753582001,12.5213413238525,0.71126651763916,-0.661165773868561,1.22108364105225,-1.21864032745361
14.1449999809265,0.607477843761444,12.9000062942505,0.77557361125946,-0.619857251644135,1.38952481746674,-1.10884046554565
14.1860001087189,0.717248558998108,12.3580312728882,0.83001035451889,-1.07585477828979,1.68494582176208,-0.629401743412018
14.2269999980927,0.797707259654999,10.9618196487427,1.01216399669647,-1.2249014377594,1.779092669487,-0.0823116675019264
14.2679998874664,0.764207720756531,9.11994457244873,1.22542428970337,-0.819375216960907,1.70380568504333,0.373762160539627
14.3090000152588,0.770488917827606,7.30379199981689,1.27208435535431,-0.375747412443161,1.86819994449615,0.670786619186401
14.3499999046326,0.576969385147095,5.89591503143311,1.14167547225952,0.0361927002668381,2.25051403045654,0.683385372161865
14.3910000324249,-0.463908493518829,5.38534641265869,1.17397856712341,0.719807147979736,2.36626958847046,0.254188805818558
14.4319999217987,-2.48644185066223,6.03021240234375,1.67916333675385,1.42235779762268,1.16618382930756,-0.262664318084717
14.4730000495911,-4.47128820419312,7.50538730621338,2.35693025588989,1.40456688404083,-1.94608306884766,-0.0442100688815117
14.5139999389648,-5.15144824981689,8.48375225067139,0.887139022350311,1.53483009338379,-3.61216902732849,0.339325666427612
14.5550000667572,-4.5020956993103,8.4595251083374,-2.69042992591858,1.67746293544769,-2.68177223205566,0.238917633891106
14.595999956131,-3.49023103713989,8.29771041870117,-5.58903551101685,1.21444070339203,-1.64844763278961,0.149428516626358
14.6370000839233,-3.00059962272644,8.41436100006104,-6.78365230560303,0.629707157611847,-1.50153887271881,0.197914510965347
14.6779999732971,-3.23389983177185,8.53101062774658,-6.72084045410156,0.103385895490646,-1.61194956302643,0.0944522544741631
14.7190001010895,-3.73100876808167,8.46042251586914,-5.97996282577515,-0.115373775362968,-1.87293410301208,0.0209215190261602
14.7599999904633,-4.1685962677002,8.23011302947998,-5.11824750900269,-0.0650552362203598,-1.97532737255096,-0.0141258426010609
14.8010001182556,-4.4560341835022,8.06381225585938,-4.11625337600708,0.0655133649706841,-2.15010595321655,0.0471879504621029
14.8420000076294,-4.47158718109131,8.03330421447754,-3.24257373809814,0.554725646972656,-2.72239351272583,0.36467581987381
