0,7.14347267150879,0.888335406780243,-7.59960460662842,-0.00427593104541302,0.00702474359422922,0.00626118434593081
0.0409998893737793,6.62004280090332,0.794566690921783,-7.61515808105469,-0.00183254177682102,0.061695571988821,0.0248920265585184
0.0820000171661377,6.51625442504883,0.738036215305328,-7.28793954849243,0.00977355614304543,0.0224486365914345,0.0303896516561508
0.122999906539917,6.591628074646,0.872632503509521,-7.5676007270813,-0.025655584409833,-0.0519220158457756,-0.0694838762283325
0.164000034332275,7.16441011428833,0.966700375080109,-7.55369234085083,-0.0580304898321629,-0.00473406631499529,-0.0329857505857944
0.204999923706055,6.41351222991943,0.752094089984894,-7.5439715385437,0.00381779531016946,0.0337493121623993,0.0175618585199118
0.246000051498413,6.46391105651855,0.699152886867523,-7.20688247680664,-0.00595576083287597,0.0413849018514156,0.0481042228639126
0.286999940872192,6.74775981903076,0.73459655046463,-7.40234661102295,-0.0209215190261602,-0.0290152449160814,-0.0624591335654259
0.327999830245972,6.68210697174072,0.833300471305847,-7.22109031677246,-0.0407740548253059,0.042606595903635,0.00702474359422922
0.36899995803833,6.50847768783569,0.798155903816223,-7.78295469284058,0.00519220158457756,0.0583359114825726,0.0462716780602932
0.409999847412109,6.85364246368408,0.830758094787598,-7.19641399383545,-0.000916270888410509,-0.023364907130599,-0.00427593104541302
0.450999975204468,6.96012306213379,0.883998394012451,-7.94297456741333,0.062000997364521,-0.0653606578707695,-0.0135913519188762
0.491999864578247,6.84571599960327,0.843619525432587,-7.16052198410034,-0.0435228683054447,0.0807845517992973,0.0595576092600822
0.532999992370605,6.75733137130737,0.778564691543579,-7.56550693511963,0.0435228683054447,-0.0126750804483891,0.0284043978899717
0.573999881744385,6.76809883117676,0.809671342372894,-7.40967464447021,-0.0568087957799435,0.000458135444205254,-0.00870457384735346
0.615000009536743,6.49068117141724,0.789781033992767,-7.21211719512939,0.014965757727623,0.00229067727923393,-0.0140494871884584
0.655999898910522,6.8318076133728,0.814008355140686,-7.25354290008545,-0.0142021989449859,-0.00610847258940339,-0.0134386401623487
0.697000026702881,6.56829833984375,0.763759076595306,-7.54860782623291,-0.0268772803246975,-0.00916270911693573,-0.030084228143096
0.73799991607666,6.71201705932617,0.816401183605194,-7.30169820785522,0.00580304907634854,0.0465771034359932,0.0354291424155235
0.779000043869019,6.51072072982788,0.763908624649048,-7.32846784591675,0.0323749035596848,0.0238230433315039,0.00213796552270651
0.819999933242798,6.86904621124268,0.833749115467072,-7.53514814376831,-0.00610847258940339,-0.034054733812809,-0.00534491334110498
0.860999822616577,6.71470880508423,0.833749115467072,-7.45199728012085,0.0116060981526971,0.0142021989449859,-0
0.901999950408936,6.6536922454834,0.781555712223053,-7.59407138824463,0.0342074483633041,0.00519220158457756,0.0421484597027302
0.942999839782715,6.78873682022095,0.824476957321167,-7.27208709716797,0.0030542362947017,-0.0161874517798424,-0.000610847258940339
0.983999967575073,6.89372205734253,0.838235676288605,-7.67647409439087,0.00916270911693573,-0.0656660795211792,-0.0117588099092245
1.02499985694885,6.61136913299561,0.876819968223572,-7.41251611709595,-0.0142021989449859,0.0290152449160814,0.0323749035596848
1.06599998474121,6.74192714691162,0.764656364917755,-7.52153873443604,0.0187835525721312,-0.0245866030454636,0.0100789796561003
1.10699987411499,6.73205709457397,0.742074131965637,-7.49372243881226,0.00152711814735085,-0.0465771034359932,-0.0102316914126277
1.14800000190735,6.62393140792847,0.73564338684082,-7.44526767730713,0.0177145712077618,-0.00503948982805014,0.0117588099092245
1.18899989128113,6.80100011825562,0.76929247379303,-7.36585569381714,-0.00778830237686634,-0.0316113457083702,-0.0116060981526971
1.23000001907349,6.68704175949097,0.79008013010025,-7.39142894744873,-0.0177145712077618,-0.00763559062033892,-0.00733016710728407
1.27099990844727,6.82567596435547,0.802044212818146,-7.70070123672485,-0.019241688773036,0.0135913519188762,0.0175618585199118
1.31200003623962,6.84601497650146,0.837936580181122,-7.30483865737915,0.00595576083287597,0.00458135455846786,0.00335966004058719
1.3529999256134,6.72951459884644,0.79112696647644,-7.82258605957031,0.0129805039614439,0.0364981219172478,0.0186308417469263
1.39400005340576,6.59521722793579,0.852742195129395,-7.02398109436035,-0.047035239636898,0.0187835525721312,-0.0131332157179713
1.43499994277954,6.56261539459229,0.841077148914337,-7.6197943687439,-0.00458135455846786,-0.0682621821761131,-0.0566560849547386
1.47599983215332,6.6215386390686,0.82582288980484,-7.21241617202759,-0.135302662849426,0.0765086188912392,-0.0273354146629572
1.51699995994568,6.76929521560669,0.847806990146637,-7.57956504821777,0.0131332157179713,-0.0368035472929478,-0.0229067727923393
1.55799984931946,6.52971410751343,0.805483937263489,-7.51675319671631,-0.0151184694841504,0.105371154844761,0.0378725305199623
1.59899997711182,6.69736099243164,0.819840848445892,-7.15349292755127,0.0413849018514156,-0.0511584579944611,0.00458135455846786
1.6399998664856,6.63559627532959,0.820887744426727,-7.65299463272095,-0.00656660785898566,0.0216850768774748,-0.00167983002029359
1.68099999427795,6.65159845352173,0.872333407402039,-7.06765031814575,-0.0226013492792845,0.00717745535075665,0.0206160955131054
1.72199988365173,6.47856712341309,0.783948540687561,-7.6993556022644,0.046729814261198,-0.0444391369819641,0.0013744062744081
1.76300001144409,6.82403087615967,0.907627522945404,-7.48893690109253,-0.0378725305199623,0.027793550863862,0.019241688773036
1.80399990081787,6.87158823013306,0.79157567024231,-7.63654375076294,0.0815481096506119,-0.0630699768662453,0.0114533863961697
1.84500002861023,6.63514757156372,0.808624505996704,-7.1330041885376,0.00122169451788068,0.00885728560388088,0.0572669319808483
1.88599991798401,6.95593547821045,0.850947558879852,-8.03150939941406,0.0125223686918616,-0.0557398125529289,0.0339020229876041
1.92700004577637,6.78679275512695,0.774975419044495,-7.0360951423645,-0.0253501608967781,0.00442864280194044,0.0135913519188762
1.96799993515015,6.55768013000488,0.681057155132294,-7.53828859329224,0.0528382882475853,-0.0259610079228878,0.0404686294496059
2.00899982452393,6.51296424865723,0.744616508483887,-7.33519792556763,-0.0774248912930489,0.0351237170398235,0.00900999736040831
2.04999995231628,6.90000343322754,0.755234658718109,-7.33056163787842,0.046729814261198,-0.0923906490206718,-0.0352764278650284
2.09099984169006,6.68554639816284,0.797408163547516,-7.63579607009888,-0.0280989743769169,0.0317640565335751,0.00870457384735346
2.13199996948242,6.36670303344727,0.758225679397583,-7.49207735061646,0.00549762509763241,0.0981936976313591,0.0775775983929634
2.1729998588562,6.67193746566772,0.63813591003418,-7.36794948577881,0.0239757541567087,0.0131332157179713,0.00259610079228878
2.21399998664856,6.37059116363525,0.80563348531723,-7.51974439620972,-0.00458135455846786,-0.0653606578707695,-0.0219905003905296
2.25499987602234,6.93484878540039,0.946810007095337,-8.24776077270508,-0.00626118434593081,0.0137440636754036,0.053449135273695
2.2960000038147,6.76824855804443,0.902991473674774,-7.28749084472656,0.0314586348831654,-0.0432174429297447,0.0230594836175442
2.33699989318848,6.85274505615234,0.865603566169739,-8.04586601257324,0.0600157417356968,-0.0926960706710815,0.0699420124292374
2.37800002098083,6.81924533843994,0.855134963989258,-7.59556674957275,-0.0904053971171379,0.046729814261198,0.0481042228639126
2.41899991035461,6.59716176986694,0.769591569900513,-7.49925565719604,-0.0108425384387374,-0.134691819548607,-0.00946813262999058
2.46000003814697,6.61525726318359,0.715005338191986,-6.96475887298584,-0.0995681062340736,-0.0766613334417343,-0.0224486365914345
2.50099992752075,6.34322309494019,0.731455981731415,-6.87936496734619,-0.0933069214224815,-0.142480120062828,-0.0557398125529289
2.54200005531311,6.47094011306763,0.506829738616943,-6.09990310668945,-0.127361655235291,-0.0754396393895149,-0.0219905003905296
2.58299994468689,6.15493822097778,0.301794767379761,-6.00703191757202,-0.0881147161126137,-0.145076230168343,-0.0435228683054447
2.62399983406067,5.8709397315979,0.0278165638446808,-5.78674268722534,-0.0975828468799591,-0.193944007158279,-0.0320694819092751
2.66499996185303,5.4136118888855,-0.217896416783333,-5.39895582199097,0.0284043978899717,-0.463480353355408,-0.13912045955658
2.70599985122681,5.55628395080566,-0.333649218082428,-5.73110914230347,0.142632842063904,-0.607334911823273,-0.178214684128761
2.74699997901917,5.76266479492188,-0.597158789634705,-4.8453164100647,0.251363635063171,-0.667197942733765,-0.177298411726952
2.78799986839294,5.51037120819092,-0.786939561367035,-6.13788938522339,0.415070712566376,-0.771347403526306,-0.121558606624603
2.8289999961853,5.31819772720337,-1.12806630134583,-6.27383136749268,0.503948986530304,-0.820367872714996,-0.12919420003891
2.86999988555908,4.86415958404541,-1.40982115268707,-6.37358236312866,0.774248898029327,-0.998124420642853,-0.242659077048302
2.91100001335144,4.83903503417969,-1.64686024188995,-6.74790954589844,0.84861958026886,-1.08440661430359,-0.364828526973724
2.95199990272522,4.41834688186646,-1.57582330703735,-6.52343273162842,0.91566002368927,-1.30797672271729,-0.53632390499115
2.99300003051758,4.45319271087646,-2.07846546173096,-8.38848876953125,0.98911440372467,-1.44251585006714,-0.662463843822479
3.03399991989136,3.7135112285614,-2.25329113006592,-8.47522830963135,1.02026760578156,-1.35088872909546,-0.840678513050079
3.07500004768372,1.72821617126465,-3.87188625335693,-7.4102725982666,1.15480673313141,-1.55582797527313,-1.07203698158264
3.1159999370575,-1.41475641727448,-4.91052055358887,-6.56336307525635,0.966665804386139,-1.21833491325378,-1.32095718383789
3.15699982643127,-2.7762725353241,-5.57228565216064,-7.01396131515503,0.771500110626221,-0.840220391750336,-1.6592139005661
3.19799995422363,-1.43703949451447,-6.15030193328857,-5.10299348831177,0.888324618339539,-1.02133667469025,-1.97105133533478
3.23899984359741,0.305832654237747,-8.04796028137207,-5.31595468521118,1.20535433292389,-1.05080997943878,-1.65341079235077
3.27999997138977,2.11435794830322,-10.2070341110229,-4.84711074829102,1.14594948291779,-0.532200694084167,-0.985754787921906
3.32099986076355,3.01435828208923,-13.7548418045044,-4.98200607299805,1.49565947055817,0.103080473840237,-0.509446620941162
3.36199998855591,0.695414066314697,-15.5548429489136,-5.95453929901123,1.96433210372925,0.218683317303658,-0.586413383483887
3.40299987792969,-1.63130688667297,-14.781512260437,-10.7135639190674,2.64496874809265,-0.504101693630219,-1.35256850719452
3.44400000572205,-0.454636305570602,-14.0300168991089,-7.29227638244629,3.59437799453735,-0.796544849872589,-2.05366849899292
3.48499989509583,0.922134041786194,-15.1902360916138,-8.59217739105225,4.2050724029541,-1.34126782417297,-2.25005578994751
3.52600002288818,1.50762784481049,-15.878023147583,-6.95668315887451,3.40409898757935,0.355360388755798,-1.19298470020294
3.56699991226196,1.47038948535919,-16.5939254760742,-6.43205690383911,3.58078670501709,0.624438583850861,-0.59343808889389
3.60800004005432,-0.034247275441885,-15.4903860092163,-7.39008331298828,3.34301424026489,1.24918270111084,-0.307561606168747
3.6489999294281,-1.92308163642883,-13.4572343826294,-6.70977401733398,3.59162926673889,0.660020470619202,-0.346655815839767
3.68999981880188,-0.262014091014862,-11.7306632995605,-5.86600494384766,3.60949635505676,-0.0577250644564629,-0.640626072883606
3.73099994659424,2.50468707084656,-10.5803136825562,-4.400550365448,2.89801216125488,0.306034475564957,-0.538614571094513
3.77199983596802,3.55663180351257,-9.32527828216553,-4.12477779388428,2.12941360473633,0.903443098068237,0.224180936813354
3.81299996376038,3.91465783119202,-8.68190860748291,-2.01460719108582,1.60057258605957,1.0564603805542,0.746302664279938
3.85399985313416,2.01445746421814,-9.56067276000977,2.18135690689087,1.28140485286713,-0.0595576092600822,0.507308661937714
3.89499998092651,1.84606266021729,-8.86346340179443,-0.0125623187050223,0.467756301164627,-1.1418262720108,0.0870457366108894
3.93599987030029,3.71590399742126,-8.35214710235596,-1.12672030925751,-0.336271405220032,-0.412627309560776,-0.330162942409515
3.97699999809265,4.19177675247192,-7.80703258514404,-1.06689977645874,0.418888509273529,0.00870457384735346,-0.00335966004058719
4.01799988746643,2.53788757324219,-8.09207725524902,-2.18898415565491,0.51005744934082,0.586413383483887,0.470810532569885
4.05900001525879,1.22901356220245,-8.88320446014404,-3.52881526947021,0.0215323660522699,0.466534584760666,0.369409888982773
4.09999990463257,1.62323105335236,-8.8142614364624,-5.86286401748657,-0.345281422138214,0.0861294642090797,0.100637085735798
4.14100003242493,0.243768811225891,-10.6594266891479,-6.29506778717041,-0.640626072883606,0.399188697338104,0.253043472766876
4.18199992179871,-1.34416806697845,-12.4911327362061,-5.79451894760132,-0.825865507125854,0.628256380558014,0.404839009046555
4.22300004959106,-2.36500597000122,-14.6754808425903,-5.7674503326416,-1.58469045162201,0.391858518123627,0.0928487852215767
4.26399993896484,-3.51116824150085,-16.0679531097412,-5.4764232635498,-2.3300769329071,0.136982500553131,-0.0977355614304543
4.30499982833862,-3.89671158790588,-17.2322120666504,-5.68041133880615,-2.84899163246155,-0.141411140561104,-0.0253501608967781
4.34599995613098,-3.40962266921997,-17.6234378814697,-6.02677249908447,-3.16785383224487,-0.518151164054871,0.220821291208267
4.38699984550476,-4.34701108932495,-17.8236865997314,-7.17697238922119,-3.18404126167297,-1.05844557285309,0.614970505237579
4.42799997329712,-4.63056039810181,-17.3502082824707,-7.10698223114014,-3.10676908493042,-0.715149402618408,1.2702568769455
4.4689998626709,-4.74018144607544,-16.1476650238037,-7.26864767074585,-2.97879672050476,-0.394454628229141,1.65310537815094
4.50999999046326,-4.70219564437866,-14.7886905670166,-8.22786998748779,-3.0084228515625,-0.289847016334534,2.04038262367249
4.55099987983704,-4.75693130493164,-13.7312126159668,-10.7098255157471,-2.8885440826416,-0.211505860090256,2.39299416542053
4.59200000762939,-3.27173638343811,-13.2109231948853,-8.61670398712158,-2.56876540184021,-0.30084228515625,2.69902873039246
4.63299989700317,-4.51944398880005,-13.0233860015869,-7.26685285568237,-2.39818644523621,-0.655897259712219,2.82639026641846
4.67400002479553,-5.62462854385376,-11.9476623535156,-7.85234642028809,-2.97726964950562,-0.770583808422089,2.91526865959167
4.71499991416931,-5.30743026733398,-10.545618057251,-7.52901649475098,-3.10615825653076,-0.765238881111145,2.72865462303162
4.75600004196167,-3.32063961029053,-8.44576644897461,-6.30134868621826,-2.76942873001099,-1.40189445018768,2.6324462890625
4.79699993133545,-3.20623278617859,-5.39671230316162,-7.87597560882568,-2.54937100410461,-1.63905584812164,2.88976573944092
4.83799982070923,-2.23728919029236,-3.39511632919312,-10.7896862030029,-2.4087233543396,-1.1882506608963,3.28895425796509
4.87899994850159,0.915254652500153,-2.49990153312683,-9.14910697937012,-1.94463229179382,-0.426524102687836,3.3970742225647
4.91999983787537,2.76371026039124,-0.0469591431319714,-4.51779890060425,-1.91149377822876,0.50349086523056,3.53711104393005
4.96099996566772,2.91475701332092,2.26286244392395,-4.0960636138916,-2.61809134483337,0.980562567710876,3.52962827682495
5.0019998550415,2.5935206413269,3.69631266593933,-1.6613667011261,-3.14051842689514,0.341616332530975,2.90702199935913
5.04299998283386,3.26261377334595,4.79058027267456,0.820439040660858,-2.62725400924683,-0.451721549034119,2.20851826667786
5.08399987220764,5.10015201568604,5.72004270553589,2.4701406955719,-2.57349944114685,-0.0178672820329666,1.86400043964386
5.125,4.84352159500122,6.53360223770142,1.70727896690369,-2.31465291976929,0.697740256786346,1.86293137073517
5.16599988937378,3.78843641281128,7.45962476730347,1.51869463920593,-1.81757605075836,1.05126810073853,1.76519584655762
5.20700001716614,3.62587404251099,8.19556713104248,3.4108190536499,-1.25223684310913,0.965596795082092,1.19603896141052
5.24799990653992,3.77078938484192,8.95214748382568,3.70079922676086,-1.17969882488251,0.620009958744049,0.615886747837067
5.28900003433228,2.90204524993896,8.84641456604004,3.7253258228302,-1.31103098392487,0.357803791761398,0.304660081863403
5.32999992370605,2.10104775428772,9.16196823120117,3.10005140304565,-1.04409062862396,0.0430647321045399,0.0586413368582726
5.37100005149841,2.30279278755188,9.14776134490967,2.8962128162384,-0.729198932647705,0.116213694214821,-0.203870266675949
5.41199994087219,1.16440737247467,9.06476020812988,2.97173619270325,-0.415834277868271,0.100942507386208,-0.339783787727356
5.45299983024597,0.790827870368958,8.8960657119751,1.68514537811279,-0.268620073795319,0.298093467950821,-0.306187182664871
5.49399995803833,0.786790013313293,8.78315448760986,1.42223393917084,-0.118504367768764,0.31977853178978,-0.515707790851593
5.53499984741211,1.6377375125885,8.50454044342041,1.84157609939575,0.307103455066681,-0.0125223686918616,-0.548082709312439
5.57599997520447,1.97647154331207,8.2811107635498,0.998853921890259,0.404228180646896,0.234107211232185,-0.441795289516449
5.61699986457825,2.0859432220459,7.71715211868286,3.34651207923889,0.498145937919617,0.372158706188202,-0.303896516561508
5.65799999237061,3.12652182579041,6.15897607803345,4.98694133758545,0.589162170886993,0.867708504199982,-0.223722815513611
5.69899988174438,3.1555347442627,4.82198619842529,3.84421920776367,0.10659284889698,2.78958678245544,0.252738058567047
5.74000000953674,3.17497658729553,2.97278308868408,3.93918418884277,0.17012095451355,3.66218209266663,0.853964447975159
5.78099989891052,3.0198917388916,0.0569790899753571,2.19018054008484,0.912300407886505,2.63962364196777,0.646887242794037
5.82200002670288,2.35408878326416,-3.19950294494629,0.0710369199514389,1.50894546508789,1.71342658996582,0.272743314504623
5.86299991607666,3.96012139320374,-5.12408018112183,-6.15119934082031,2.45636963844299,1.32049906253815,-0.0907108187675476
5.90400004386902,3.3056845664978,-5.94616413116455,-9.82702350616455,3.45037078857422,1.41380596160889,-0.208604335784912
5.9449999332428,3.56575441360474,-8.02163887023926,-12.5947713851929,4.79576206207275,1.15068352222443,0.166150450706482
5.98599982261658,1.53350019454956,-8.99626541137695,-13.8975143432617,4.99856328964233,0.762490093708038,-0.165081471204758
6.02699995040894,-0.229561418294907,-10.7955188751221,-15.9463682174683,4.95595645904541,0.456150203943253,-0.29748260974884
6.06799983978271,-1.19282209873199,-11.1871938705444,-18.1506061553955,4.84676742553711,0.263427883386612,-0.63115793466568
6.10899996757507,0.308973222970963,-10.969895362854,-15.2505054473877,4.94236516952515,-0.167982995510101,-0.751342117786407
6.14999985694885,2.94930338859558,-11.8854494094849,-17.5947246551514,5.09568786621094,-0.296719044446945,-0.538919985294342
6.19099998474121,0.901346385478973,-10.4868440628052,-15.6961688995361,4.44574642181396,0.106745555996895,0.00213796552270651
6.23199987411499,1.34581315517426,-12.2528972625732,-14.1044931411743,4.61372947692871,0.425607830286026,0.272896021604538
6.27300000190735,0.10752746462822,-11.1569843292236,-13.9446229934692,4.48468780517578,0.33031564950943,-0.0456608310341835
6.31399989128113,-0.872782051563263,-10.4811611175537,-14.7958688735962,4.43139123916626,-0.447903752326965,-0.281600594520569
6.35500001907349,-0.379711031913757,-10.4250793457031,-8.60743141174316,4.40985918045044,-1.07631289958954,-0.662463843822479
6.39599990844727,1.94282245635986,-11.2093276977539,-3.97447848320007,3.93706321716309,-1.44251585006714,-0.966971218585968
6.43700003623962,1.44421803951263,-11.4224376678467,-4.4021954536438,2.26074576377869,-1.53994596004486,-0.976592063903809
6.4779999256134,0.308823674917221,-11.2351999282837,-5.54880619049072,1.75252079963684,-1.47993016242981,-0.921615779399872
6.51900005340576,0.412163704633713,-10.9012508392334,-5.3850474357605,2.45591139793396,-1.59354782104492,-1.33179974555969
6.55999994277954,1.44242334365845,-10.6748304367065,-4.2514476776123,2.78072953224182,-1.52360582351685,-1.52024614810944
6.60099983215332,1.56146633625031,-10.9993572235107,-2.99207520484924,2.45667505264282,-1.434574842453,-1.34768176078796
6.64199995994568,1.96839570999146,-11.3775730133057,-2.27662110328674,1.97288393974304,-0.913980185985565,-0.852590084075928
6.68299984931946,2.10553431510925,-10.9782705307007,-2.81739902496338,1.65524339675903,-0.451568841934204,-0.508377611637115
6.72399997711182,2.03988122940063,-10.3178510665894,-2.59097838401794,1.62317383289337,-0.509904742240906,-0.271216183900833
6.7649998664856,2.80259346961975,-9.56276607513428,-1.51645135879517,1.64470624923706,-0.329093962907791,-0.162638083100319
6.80599999427795,3.30553483963013,-9.12667465209961,-0.0343968272209167,1.23696565628052,0.0856713280081749,0.0287098214030266
6.84699988365173,3.73579430580139,-8.68370246887207,0.853639483451843,0.631005227565765,-0.0815481096506119,0.140189439058304
6.88800001144409,2.20199513435364,-9.1289176940918,0.177517533302307,0.167830288410187,-0.337951242923737,-0.0326803289353848
6.92899990081787,1.67213439941406,-9.05399227142334,0.665055155754089,0.0528382882475853,-0.438893765211105,-0.222501114010811
6.97000002861023,3.25708031654358,-8.70837879180908,1.13808631896973,0.0862821787595749,0.0994153916835785,-0.432479858398438
7.01099991798401,3.61899471282959,-8.45174884796143,1.6615161895752,-0.0705528557300568,0.941773772239685,0.0119115216657519
7.05200004577637,2.80887460708618,-8.25105094909668,1.56176543235779,-0.217156201601028,1.04210543632507,0.657118916511536
7.09299993515015,1.82467687129974,-8.49272537231445,0.724127948284149,-0.293664813041687,0.829836010932922,0.540294408798218
7.13399982452393,1.5903297662735,-8.94137954711914,-0.511316299438477,-0.201579600572586,0.578166902065277,0.172717064619064
7.17499995231628,1.61934268474579,-9.39422130584717,-1.17831563949585,-0.0786465853452682,0.47905695438385,0.0310004986822605
7.21599984169006,1.49132668972015,-10.1437730789185,-3.23016095161438,-0.01068982668221,0.510362863540649,0.205091968178749
7.25699996948242,0.461964309215546,-10.8260269165039,-5.7759747505188,-0.0274881273508072,0.776234149932861,0.536018490791321
7.2979998588562,-0.256181567907333,-11.4702939987183,-5.62657308578491,0.0734543800354004,0.677429616451263,0.656049966812134
7.33899998664856,-2.12662100791931,-12.4117202758789,-5.04631328582764,-0.211811289191246,0.604738771915436,0.606113195419312
7.37999987602234,-3.98120832443237,-13.6214418411255,-5.90070056915283,-1.21879303455353,0.695602297782898,0.60825115442276
7.4210000038147,-4.58300304412842,-14.6455698013306,-6.30777978897095,-1.91760230064392,0.893211424350739,0.552205920219421
7.46199989318848,-4.14122819900513,-16.2631187438965,-5.98325300216675,-2.09184646606445,0.00671932008117437,0.525481343269348
7.50300002098083,-5.36680221557617,-17.729320526123,-4.89287376403809,-2.39559030532837,-0.807387351989746,0.867708504199982
7.54399991035461,-5.82084035873413,-18.2537975311279,-4.89975309371948,-2.87938117980957,-1.11739230155945,1.29591250419617
7.58500003814697,-5.69416999816895,-17.8538970947266,-5.09058046340942,-3.26894903182983,-1.04867208003998,1.49688124656677
7.62599992752075,-5.9181981086731,-17.0582828521729,-5.87841749191284,-3.24207186698914,-1.05981993675232,1.90645432472229
7.66700005531311,-5.56720113754272,-16.0003566741943,-5.73125886917114,-3.00170350074768,-1.07936716079712,2.37680673599243
7.70799994468689,-4.49731016159058,-13.966157913208,-6.03170776367188,-2.80058193206787,-0.660784006118774,2.85586357116699
7.74899983406067,-3.86680150032043,-12.0056886672974,-5.91670274734497,-2.72865462303162,-0.226318910717964,3.20251941680908
7.78999996185303,-3.22417902946472,-9.62602615356445,-6.1432728767395,-2.5449423789978,-0.439810037612915,3.38699531555176
7.83099985122681,-3.95847630500793,-6.89506816864014,-5.513512134552,-2.42735433578491,-0.529299139976501,3.32132935523987
7.87199997901917,-4.38484764099121,-5.215904712677,-6.60763025283813,-2.31953978538513,-0.523954212665558,3.21870684623718
7.91299986839294,-3.92333173751831,-3.1486554145813,-6.4191951751709,-2.19263625144958,-0.244338899850845,2.95573711395264
7.9539999961853,-3.46241426467896,-1.46231377124786,-6.25035190582275,-1.94799196720123,-0.143243685364723,2.77660632133484
7.99499988555908,-4.02338171005249,-0.659820854663849,-5.7976598739624,-1.91439533233643,0.0302369389683008,2.73705387115479
8.03600001335144,-2.98489665985107,1.5886846780777,-5.7474102973938,-1.89530634880066,-0.00839914940297604,2.49973964691162
8.07699990272522,-1.64970171451569,2.66515588760376,-4.78310298919678,-1.83865022659302,-0.220668569207191,2.25540089607239
8.11800003051758,-1.25967156887054,4.12073945999146,-3.80518627166748,-1.66104638576508,-0.4895940721035,2.32015061378479
8.15899991989136,-0.0927218794822693,4.46141767501831,-3.68404960632324,-1.66272628307343,-0.280837029218674,2.29266238212585
8.20000004768372,-0.148803651332855,5.7323055267334,-2.79362034797668,-1.71357929706573,0.0653606578707695,2.15125131607056
8.2409999370575,1.05882406234741,6.74596500396729,-2.37816667556763,-1.62638080120087,0.241590097546577,2.03534317016602
8.28199982643127,1.48369956016541,7.19955444335938,-2.55762839317322,-1.6234792470932,0.15087927877903,1.75756025314331
8.32299995422363,2.79795742034912,7.81062173843384,-0.504137814044952,-1.60316860675812,-0.154697075486183,1.6279079914093
8.36399984359741,3.56052017211914,8.15279579162598,1.03295159339905,-1.57323706150055,0.0126750804483891,1.47198915481567
8.40499997138977,2.22951245307922,8.27094078063965,2.52128720283508,-2.06985592842102,0.344670563936234,1.39639687538147
8.44599986076355,1.88060903549194,8.48928642272949,2.56884455680847,-2.31633281707764,0.50685054063797,1.00102591514587
8.48699998855591,1.22617208957672,8.38175868988037,5.05184698104858,-2.35145664215088,0.287250936031342,0.371700555086136
8.52799987792969,1.30229377746582,8.27587604522705,6.42128896713257,-2.07535362243652,0.0594048947095871,0.0791047215461731
8.56900000572205,1.95029997825623,8.52024364471436,6.93066120147705,-1.9713568687439,0.211047723889351,-0.0111479628831148
8.60999989509583,1.81944251060486,8.38459968566895,6.67657327651978,-1.50619661808014,0.344517856836319,0.0351237170398235
8.65100002288818,1.01769733428955,8.27049255371094,4.81824731826782,-0.813953995704651,0.239910259842873,0.0364981219172478
8.69199991226196,1.58763778209686,8.02836894989014,2.31939291954041,-0.118351653218269,0.316266179084778,-0.145839780569077
8.73300004005432,1.71266281604767,8.68654441833496,2.82293248176575,0.539225399494171,0.253196179866791,-0.384070217609406
8.7739999294281,0.708125948905945,8.37891674041748,2.98534536361694,0.723090469837189,0.310004979372025,-0.413238167762756
8.81499981880188,-0.145812630653381,8.07652378082275,3.73639249801636,0.315960735082626,0.620009958744049,-0.537392854690552
8.85599994659424,-0.939182877540588,7.71490907669067,3.40797758102417,0.32130566239357,0.406518846750259,-0.901305139064789
8.89699983596802,0.0321535542607307,7.59272527694702,1.34506547451019,0.408351391553879,0.375671058893204,-1.13083100318909
8.93799996376038,-0.65832531452179,6.5476598739624,0.0819541737437248,0.785549581050873,0.713927745819092,-1.15755558013916
8.97899985313416,-1.06749796867371,6.44402074813843,-1.65403866767883,1.26124691963196,1.2184876203537,-0.898403584957123
9.01999998092651,-1.95149636268616,5.72064065933228,-2.8776683807373,1.58438503742218,1.52085697650909,-1.12029385566711
9.06099987030029,-0.788584589958191,4.5444188117981,-7.42298460006714,1.96188867092133,1.02148938179016,-1.46985125541687
9.10199999809265,1.63220417499542,5.4698429107666,-7.73779010772705,2.09459519386292,1.19054126739502,-1.60652828216553
9.14299988746643,0.0830010324716568,3.62303256988525,-8.13200759887695,2.27693319320679,1.98265743255615,-1.13923013210297
9.18400001525879,-3.40513610839844,2.88215494155884,-13.3535957336426,1.822310090065,2.31434750556946,-0.874885976314545
9.22499990463257,-4.56834697723389,2.87019085884094,-13.228271484375,2.01717042922974,2.59762787818909,-1.35577547550201
9.26600003242493,-4.8180980682373,2.44636201858521,-13.5185508728027,2.50737524032593,2.65749096870422,-1.59797644615173
9.30699992179871,-3.50309228897095,2.56585359573364,-11.1734352111816,2.00251007080078,2.86808061599731,-1.10105216503143
9.34800004959106,-0.820289492607117,3.39287304878235,-14.727972984314,1.81131482124329,2.58418941497803,-0.681552827358246
9.38899993896484,2.0303099155426,4.61351156234741,-14.8266773223877,1.48924565315247,3.21046042442322,0.238688573241234
9.42999982833862,1.57926297187805,4.04043054580688,-15.1359491348267,1.85728108882904,2.86441540718079,0.724312126636505
9.47099995613098,0.430857628583908,3.77841639518738,-10.7368946075439,1.53704440593719,2.50569534301758,0.545792043209076
9.51199984550476,1.35358989238739,2.7813572883606,-12.6833057403564,1.14090991020203,1.4507622718811,-0.0914743766188622
9.55299997329712,2.03135681152344,2.77657151222229,-11.3919296264648,0.512806296348572,1.46832406520844,-0.287250936031342
9.5939998626709,2.20319151878357,2.45922350883484,-9.04696369171143,0.982242405414581,1.29759228229523,-0.110257931053638
9.63499999046326,2.08235383033752,1.87612247467041,-10.3678016662598,0.689646542072296,1.14090991020203,0.00503948982805014
9.67599987983704,2.51351070404053,1.84681046009064,-10.5868940353394,0.514027953147888,0.96956729888916,0.00397050706669688
9.71700000762939,3.27487683296204,1.32083809375763,-9.19143009185791,0.763406336307526,0.925280869007111,0.034054733812809
9.75799989700317,3.81400966644287,1.35044932365417,-9.8729362487793,0.424538850784302,0.901152431964874,0.165845036506653
9.79900002479553,3.56739950180054,1.59690999984741,-9.72203826904297,0.17256435751915,0.447751045227051,0.200968742370605
9.83999991416931,3.28519582748413,1.70518529415131,-9.21311473846436,0.179436385631561,0.250752806663513,0.213032975792885
9.88100004196167,4.19820737838745,1.30244326591492,-9.5609712600708,0.0560452342033386,0.195165693759918,0.189820781350136
9.92199993133545,5.59426975250244,1.18220388889313,-9.04606628417969,-0.00580304907634854,0.19119518995285,0.28602921962738
9.96299982070923,4.70458841323853,1.04431748390198,-8.73051261901855,-0.00580304907634854,0.410947501659393,0.604127943515778
10.0039999485016,4.94177675247192,1.0607682466507,-8.70464038848877,-0.116977252066135,0.48058408498764,0.654980957508087
10.0449998378754,5.61849689483643,0.891775071620941,-8.32791996002197,-0.152253672480583,0.244491621851921,0.308783292770386
10.0859999656677,6.06221628189087,0.738484859466553,-8.0560359954834,-0.148435890674591,0.192264169454575,0.361927002668381
10.1269998550415,5.76640367507935,0.515055060386658,-8.38878726959229,-0.222806543111801,0.290915995836258,0.446682065725327
10.1679999828339,5.13798856735229,0.428614348173141,-7.64043235778809,-0.196998238563538,0.190584346652031,0.352000743150711
10.2089998722076,5.34780883789062,0.565154790878296,-7.73270559310913,-0.166608586907387,0.0164928752928972,0.14874130487442
10.25,5.71421003341675,0.768096089363098,-8.36426067352295,-0.226318910717964,-0.0771194696426392,0.0532964244484901
10.2909998893738,5.78479814529419,0.778863787651062,-7.57986402511597,-0.10598199814558,0.0268772803246975,0.168288424611092
10.3320000171661,5.50289392471313,0.771386206150055,-8.01580619812012,-0.00977355614304543,0.0691784545779228,0.236245170235634
10.3729999065399,5.27213621139526,0.813111066818237,-8.5957670211792,-0.0881147161126137,0.00106898276135325,0.167830288410187
10.4140000343323,5.58783912658691,0.781854808330536,-8.40538787841797,0.0487150698900223,-0.0685676038265228,0.0853659063577652
10.4549999237061,5.35528659820557,0.795164883136749,-8.60085105895996,0.0801737010478973,-0.0546708293259144,0.0716218426823616
10.4960000514984,5.39416980743408,0.795015335083008,-8.6220874786377,0.0148130459710956,-0.0881147161126137,0.0925433561205864
10.5369999408722,5.3243293762207,0.827019333839417,-8.65035343170166,0.0143549107015133,-0.0925433561205864,0.030084228143096
10.577999830246,5.69790887832642,0.870389223098755,-8.70987415313721,-0.0287098214030266,-0.0595576092600822,0.0348182953894138
10.6189999580383,5.67218589782715,0.846909642219543,-8.65199756622314,0.0198525357991457,-0.0322221927344799,0.0468825288116932
10.6599998474121,5.20663261413574,0.731605529785156,-8.42916679382324,0.0125223686918616,0.0867403075098991,0.103233188390732
10.7009999752045,5.10299348831177,0.664756059646606,-8.17148971557617,-0.0288625322282314,0.107050985097885,0.0313059203326702
10.7419998645782,5.16894578933716,0.668943464756012,-8.13978481292725,-0.0813953951001167,0.0532964244484901,-0.0725381150841713
10.7829999923706,5.36366128921509,0.829860806465149,-8.67891693115234,-0.0870457366108894,0.0783411636948586,-0.0274881273508072
10.8239998817444,5.44202661514282,0.937388241291046,-8.41062164306641,-0.0360399894416332,0.235023483633995,0.0583359114825726
10.8650000095367,5.33629369735718,0.900000393390656,-8.35917663574219,-0.00442864280194044,0.216239929199219,0.0925433561205864
10.9059998989105,5.32567548751831,0.884147942066193,-8.69791030883789,-0.0668877735733986,0.0375671051442623,0.0320694819092751
10.9470000267029,5.40389060974121,0.819242656230927,-8.49511814117432,-0.0377198196947575,-0.0232121963053942,-0.0177145712077618
10.9879999160767,5.6137113571167,0.868744194507599,-8.185546875,-0.0030542362947017,-0.0280989743769169,-0.00946813262999058
11.029000043869,5.78375148773193,0.696909606456757,-8.40030288696289,-0.0473406612873077,-0.0154238929972053,0.0206160955131054
11.0699999332428,5.44097948074341,0.664606511592865,-8.23534774780273,-0.0461189672350883,-0.0113006746396422,0.0516165941953659
11.1109998226166,5.4429235458374,0.666700184345245,-8.20573616027832,-0.0140494871884584,0.0264191441237926,0.0383306667208672
11.1519999504089,5.47432947158813,0.734297454357147,-7.91919612884521,-0.0332911759614944,-0.0117588099092245,-0.0339020229876041
11.1929998397827,5.48479795455933,0.69720870256424,-8.43036270141602,-0.0337493121623993,0.00702474359422922,-0.0113006746396422
11.2339999675751,5.58260488510132,0.663260519504547,-8.01685333251953,-0.0305423624813557,0.0293206684291363,-0.00259610079228878
11.2749998569489,5.49421977996826,0.793818891048431,-8.64691352844238,0.0488677807152271,0.0413849018514156,0.0140494871884584
11.3159999847412,5.37697172164917,0.874726235866547,-8.40658378601074,-0.00458135455846786,0.11865708231926,0.023364907130599
11.356999874115,5.69820785522461,1.00573325157166,-7.91141939163208,0.0558925233781338,0.0193943995982409,-0.0030542362947017
11.3980000019073,5.81261491775513,0.828066170215607,-8.53175830841064,-0.0594048947095871,0.0846023485064507,0.0213796533644199
11.4389998912811,5.38370132446289,0.607926487922668,-8.15847873687744,-0.0642916709184647,0.0926960706710815,0.0794101431965828
11.4800000190735,5.21994256973267,0.658474862575531,-7.77816915512085,0.0673459097743034,0.0210742298513651,0.0294733811169863
11.5209999084473,5.71645307540894,0.691675305366516,-8.30399227142334,-0.025655584409833,0.0558925233781338,-0.0294733811169863
11.5620000362396,5.76700162887573,0.726221680641174,-8.45653438568115,-0.0145076224580407,0.0216850768774748,0.0114533863961697
11.6029999256134,5.9211893081665,0.886540770530701,-8.91251659393311,0.0995681062340736,0.0881147161126137,0.114839285612106
11.6440000534058,6.00374174118042,0.830309450626373,-8.38863754272461,0.0952921733260155,0.0545181185007095,0.0991099700331688
11.6849999427795,5.59755992889404,0.698405086994171,-8.35050201416016,0.0888782739639282,0.0103844031691551,0.0904053971171379
11.7259998321533,5.85463857650757,0.659671306610107,-8.30937576293945,-0.0259610079228878,0.0723854005336761,0.0532964244484901
11.7669999599457,5.90728092193604,0.648604512214661,-8.03823947906494,0.000610847258940339,-0.0167982988059521,-0.00748287886381149
11.8079998493195,5.66665267944336,0.634845733642578,-8.28724193572998,-0.0242811776697636,0.0412321910262108,0.0438282899558544
11.8489999771118,5.80663299560547,0.649352252483368,-8.27153968811035,-0.0290152449160814,0.025655584409833,0.0212269425392151
11.8899998664856,5.52143812179565,0.466450870037079,-7.62203741073608,0.0210742298513651,-0.025655584409833,-0.0284043978899717
11.930999994278,5.28574514389038,0.562462866306305,-8.50469017028809,-0.025655584409833,-0.0125223686918616,0.000763559073675424
11.9719998836517,6.06057119369507,0.76929247379303,-8.14711284637451,-0.0546708293259144,-0.0673459097743034,-0.0481042228639126
12.0130000114441,6.02108955383301,0.677019238471985,-8.0620174407959,0.0676513314247131,-0.101400643587112,-0.0247393138706684
12.0539999008179,5.49152803421021,0.571435928344727,-8.27512836456299,-0.0186308417469263,0.0253501608967781,0.0984991192817688
12.1770000457764,5.66455888748169,0.62108701467514,-8.12871742248535,-0.0114533863961697,0.0184781290590763,0.0216850768774748
12.2179999351501,5.5151572227478,0.52043890953064,-8.07592582702637,0.0265718549489975,-0.0427593067288399,-0.0713164210319519
12.2589998245239,5.71151828765869,0.56036913394928,-8.14815902709961,0.00992626789957285,0.0273354146629572,-0.00778830237686634
12.2999999523163,5.64481830596924,0.611964404582977,-8.25359344482422,0.0549762547016144,0.0636808276176453,0.0261137206107378
12.3409998416901,5.57901573181152,0.573529660701752,-8.23056221008301,0.0193943995982409,0.000458135444205254,-0.00106898276135325
12.3819999694824,5.90144824981689,0.55932229757309,-8.22921657562256,0.0253501608967781,0.0102316914126277,-0.0100789796561003
12.4229998588562,5.74561595916748,0.599850714206696,-8.51216697692871,0.0450499840080738,0.053754560649395,0.0361927002668381
12.4639999866486,5.81560611724854,0.630060136318207,-8.40538787841797,0.0621537081897259,-0.00855186209082603,0.0108425384387374
12.5049998760223,5.95618438720703,0.595214605331421,-8.2695951461792,0.0499367639422417,0.00152711814735085,0.0155766047537327
12.5460000038147,5.70972347259521,0.496660262346268,-8.37024307250977,0.0569615066051483,0.0419957488775253,0.0532964244484901
12.5869998931885,5.60070037841797,0.489780873060226,-7.84262561798096,0.0847550556063652,-0.0630699768662453,-0.0013744062744081
12.6280000209808,5.98519706726074,0.541525661945343,-8.42871761322021,0.0481042228639126,-0.0453554093837738,0.0131332157179713
12.6689999103546,5.70972347259521,0.428913444280624,-8.10164928436279,0.0103844031691551,0.061695571988821,0.0314586348831654
12.710000038147,5.63808822631836,0.41545382142067,-7.98230695724487,0.0132859274744987,-0.0525328628718853,-0.0433701537549496
12.7509999275208,5.83549642562866,0.408275365829468,-8.27737140655518,-0.0152711812406778,0.00473406631499529,-0.0155766047537327
12.7920000553131,5.99207639694214,0.437736988067627,-8.09088134765625,0.0568087957799435,0.0297788046300411,0.0238230433315039
12.8329999446869,5.83474826812744,0.427866607904434,-7.99741125106812,-0.00931542087346315,0.00626118434593081,-0.0360399894416332
12.8739998340607,5.75443935394287,0.389431893825531,-8.31894683837891,0.00198525353334844,-0.0129805039614439,-0.029931515455246
12.914999961853,5.72228574752808,0.519541621208191,-8.07233715057373,0.034360159188509,0.0526855774223804,0.0178672820329666
12.9559998512268,5.88634347915649,0.491126835346222,-8.37592601776123,0.0027488125488162,-0.00595576083287597,-0.00397050706669688
12.9969999790192,5.92298364639282,0.430259436368942,-8.08833885192871,0.00885728560388088,0.0328330397605896,-0.0251974500715733
13.0379998683929,5.72243547439575,0.461665213108063,-8.15384197235107,0.045202698558569,-0.000763559073675424,-0.0398577824234962
13.0789999961853,5.88245534896851,0.64022958278656,-8.44247627258301,0.0114533863961697,0.0274881273508072,-0.0212269425392151
13.1199998855591,5.64571571350098,0.525523662567139,-8.11406135559082,0.049325916916132,0.030084228143096,-0.00610847258940339
13.1610000133514,5.44636344909668,0.441774874925613,-8.23460006713867,0.00549762509763241,-0.00580304907634854,-0.0366508364677429
13.2019999027252,5.56750011444092,0.463011175394058,-8.37906646728516,0.0229067727923393,-0.0230594836175442,-0.0699420124292374
13.2430000305176,5.68953418731689,0.50488555431366,-7.88076114654541,0.0271827038377523,-0.0789520069956779,-0.0731489583849907
13.2839999198914,5.50827789306641,0.493818759918213,-8.05080127716064,-0.023364907130599,-0.0248920265585184,-0.0888782739639282
13.3250000476837,5.5036416053772,0.394815742969513,-8.09043216705322,0.00549762509763241,0.0126750804483891,-0.0604738779366016
13.3659999370575,5.60473823547363,0.559770941734314,-7.95299482345581,-0.00977355614304543,0.0565033704042435,-0.00244338903576136
13.4069998264313,5.77148818969727,0.601047158241272,-8.22457981109619,-0.0720799788832664,0.0273354146629572,-0.00763559062033892
13.4479999542236,5.72737073898315,0.540777921676636,-8.14262580871582,-0.0027488125488162,-0.0221432130783796,-0.034360159188509
13.4889998435974,5.51201629638672,0.47093740105629,-7.94641447067261,-0.00824643764644861,0.0374143943190575,0.00198525353334844
13.5299999713898,5.84431982040405,0.546610414981842,-8.51590633392334,0.00290152453817427,-0.00763559062033892,0.0248920265585184
13.5709998607635,5.84731101989746,0.584446907043457,-8.13245677947998,0.0375671051442623,0.00351237179711461,0.0419957488775253
13.6119999885559,5.77702140808105,0.498155772686005,-8.42692279815674,0.00717745535075665,-0.0479515083134174,0.00702474359422922
13.6529998779297,5.70867681503296,0.395413935184479,-8.07577610015869,0.0200052484869957,-0.0177145712077618,0.0198525357991457
13.694000005722,5.64048099517822,0.444915473461151,-8.3349494934082,0.0655133649706841,0.0216850768774748,0.0833806544542313
13.7349998950958,5.77776956558228,0.441924422979355,-8.48554706573486,-0.00122169451788068,0.014965757727623,0.0496313385665417
13.7760000228882,5.97069072723389,0.466899514198303,-8.15578651428223,0.0175618585199118,-0.0565033704042435,0.00931542087346315
13.816999912262,5.75653314590454,0.474975287914276,-8.39686298370361,-0.0375671051442623,-0.0432174429297447,0.0163401644676924
13.8580000400543,5.52128887176514,0.415154725313187,-7.98754119873047,0.0166455879807472,-0.118962503969669,0.0476460866630077
13.8989999294281,5.6777195930481,0.427118837833405,-7.992027759552,-0.01068982668221,-0.0644443854689598,0.0925433561205864
13.9399998188019,5.67263460159302,0.44327038526535,-8.21351337432861,-0.0832279399037361,-0.00412321882322431,0.0714691281318665
13.9809999465942,5.72796869277954,0.486042112112045,-8.16760063171387,-0.0655133649706841,-0.00778830237686634,-0.0244338903576136
14.021999835968,5.58888578414917,0.431605398654938,-8.21156883239746,-0.109341658651829,0.0181727055460215,-0.0163401644676924
14.0629999637604,5.47687196731567,0.485294342041016,-8.31550693511963,-0.0303896516561508,0.00885728560388088,0.0201579593122005
14.1039998531342,5.71764993667603,0.594317317008972,-8.78928661346436,0.0229067727923393,0.0875038728117943,0.0229067727923393
14.1449999809265,5.59516716003418,0.500997245311737,-8.29935550689697,0.0219905003905296,-0.000610847258940339,0.0027488125488162
14.1859998703003,5.72258472442627,0.431156724691391,-8.21799945831299,0.0360399894416332,-0.0146603342145681,-0.00198525353334844
14.2269999980927,5.64945411682129,0.437886536121368,-8.36246681213379,0.0413849018514156,-0.0513111688196659,0.0193943995982409
14.2679998874664,5.62148809432983,0.393619328737259,-8.16042232513428,0.0565033704042435,-0.0846023485064507,0.0601684562861919
14.3090000152588,5.61386108398438,0.45104706287384,-8.31535816192627,-0.0516165941953659,-0.0183254182338715,0.0369562581181526
14.3499999046326,5.57931470870972,0.432203590869904,-7.99277544021606,-0.0403159186244011,-0.0030542362947017,0.0342074483633041
14.3910000324249,5.61191701889038,0.460319250822067,-8.20603561401367,-0.00763559062033892,0.0290152449160814,0.0181727055460215
14.4319999217987,5.55718088150024,0.54900324344635,-8.29860782623291,-0.0305423624813557,0.0784938707947731,0.0163401644676924
14.4730000495911,5.4445686340332,0.642472863197327,-8.65483951568604,-0.00900999736040831,0.00320694805122912,0.00106898276135325
14.5139999389648,5.36186695098877,0.595214605331421,-8.83011341094971,-0.0360399894416332,-0.00626118434593081,-0.0148130459710956
14.5549998283386,5.60279417037964,0.515653252601624,-8.20214748382568,0.019088976085186,-0.0303896516561508,-0.0163401644676924
14.595999956131,5.53444910049438,0.424875557422638,-8.4387378692627,0.027793550863862,0.00519220158457756,-0.00839914940297604
14.6369998455048,5.68534660339355,0.404835671186447,-8.36216735839844,0.0574196428060532,-0.0516165941953659,-0.029931515455246
14.6779999732971,5.81605434417725,0.427866607904434,-8.24118041992188,0.00122169451788068,-0.0571142174303532,-0.00488677807152271
14.7189998626709,5.67517709732056,0.476470798254013,-7.89975452423096,-0.0905581042170525,-0.0120642334222794,0.0484096445143223
14.7599999904633,5.65035152435303,0.439082950353622,-8.65783023834229,-0.0259610079228878,0.013896775431931,0.044897273182869
14.800999879837,5.3781681060791,0.607776939868927,-7.96032285690308,-0.0494786277413368,0.0733016729354858,0.0801737010478973
14.8420000076294,5.79526710510254,0.682103991508484,-9.25229740142822,-0.0772721767425537,-0.0109952501952648,0.0416903272271156
14.8829998970032,5.98190689086914,0.559172749519348,-7.88165855407715,-0.0755923464894295,-0.00473406631499529,0.0131332157179713
14.9240000247955,5.57946443557739,0.44401815533638,-7.94521808624268,0.027640838176012,-0.0368035472929478,0.00748287886381149
