0,9.20159912109375,-1.98065888881683,3.0520453453064,-0.0323749035596848,-0.000916270888410509,0.0536018460988998
0.0409998893737793,9.18185901641846,-2.01356029510498,3.07178616523743,0.00427593104541302,-0.0188599098473787,0.027793550863862
0.0820000171661377,9.1624174118042,-2.00847554206848,3.04666137695312,0.0220668576657772,-0.0729962438344955,0.0113006746396422
0.122999906539917,9.20219802856445,-1.998006939888,2.98175621032715,0.0218377895653248,-0.0993390381336212,0.025655584409833
0.164000034332275,9.27727222442627,-2.05453729629517,2.93599343299866,0.0158056728541851,-0.0552053228020668,0.0529146455228329
0.204999923706055,9.31256675720215,-2.14785742759705,2.93360066413879,0.039781428873539,0.00442864280194044,0.0290916003286839
0.245999813079834,9.2760763168335,-2.15952253341675,2.94466733932495,0.104683950543404,0.023364907130599,-0.0454317666590214
0.286999940872192,9.19232749938965,-2.06291222572327,2.93718981742859,0.110792420804501,0.0109188947826624,-0.110105216503143
0.327999830245972,9.10947608947754,-1.96690022945404,2.89830636978149,0.0698656588792801,-0.0301605835556984,-0.0733780264854431
0.36899995803833,9.06819915771484,-1.92831599712372,2.83878493309021,0.0213032979518175,-0.0608556568622589,-0.0302369389683008
0.409999847412109,9.08405208587646,-1.93429803848267,2.80917382240295,-0.0125223686918616,-0.047035239636898,-0.00519220158457756
0.450999975204468,9.12084197998047,-1.98574364185333,2.82622265815735,-0.045202698558569,-0.0126750804483891,0.0186308417469263
0.491999864578247,9.14686393737793,-2.03928303718567,2.86630249023438,-0.0461189672350883,-0.00167983002029359,0.0232885517179966
0.532999992370605,9.16331386566162,-2.04915356636047,2.89441800117493,-0.0173327904194593,-0.0143549107015133,0.0132859274744987
0.573999881744385,9.1716890335083,-2.02402877807617,2.88065934181213,-0.00183254177682102,-0.024662958458066,0.0109952501952648
0.615000009536743,9.16481018066406,-1.99262309074402,2.83968234062195,0.000687203137204051,-0.00908635277301073,0.00893364101648331
0.655999898910522,9.16869831085205,-1.93070876598358,2.85792756080627,-0.00221432140097022,0.0260373651981354,0.00503948982805014
0.697000026702881,9.19053268432617,-1.90229403972626,2.92731928825378,-0.0163401644676924,0.0177145712077618,0.033367533236742
0.73799991607666,9.22792053222656,-1.96031999588013,2.94466733932495,-0.0240521114319563,-0.0306187197566032,0.0431410893797874
0.778999805450439,9.28624534606934,-2.00608277320862,2.91027045249939,0.0068720318377018,-0.0555107444524765,0.00603211671113968
0.819999933242798,9.30538845062256,-2.01326107978821,2.84267330169678,0.0223722811788321,-0.0294733811169863,-0.0186308417469263
0.860999822616577,9.26411151885986,-1.98634195327759,2.79870510101318,0.0311532095074654,0.0344365127384663,-0.045202698558569
0.901999950408936,9.21805000305176,-1.97198498249054,2.79182577133179,0.0314586348831654,0.0618482865393162,-0.0455081202089787
0.942999839782715,9.23121070861816,-2.00249338150024,2.77417874336243,0.0497840531170368,0.0587940476834774,-0.0611610822379589
0.983999967575073,9.31436157226562,-1.97377955913544,2.81096839904785,0.112548604607582,0.177145704627037,-0.146603345870972
1.02499985694885,9.35533809661865,-1.86012053489685,2.92103815078735,0.161798164248466,0.304201930761337,-0.161721810698509
1.06599998474121,9.28325462341309,-1.73898386955261,3.04456782341003,0.159965619444847,0.382314026355743,-0.133928254246712
1.10699987411499,9.17258644104004,-1.60947227478027,3.15732955932617,0.116213694214821,0.420110195875168,-0.14332003891468
1.14800000190735,9.05862808227539,-1.50508546829224,3.28534555435181,0.0423775278031826,0.466229170560837,-0.132859274744987
1.18899989128113,8.93091106414795,-1.51555407047272,3.49830675125122,-0.0177909266203642,0.507461369037628,-0.0848314166069031
1.23000001907349,8.86899757385254,-1.6393826007843,3.81146740913391,-0.0484860017895699,0.495855271816254,-0.0842969194054604
1.27099990844727,8.92612552642822,-1.73300182819366,4.10578441619873,-0.010766183026135,0.378572583198547,-0.148359522223473
1.31200003623962,9.00807952880859,-1.64476644992828,4.09053039550781,0.0607029460370541,0.271750688552856,-0.231892883777618
1.3529999256134,8.97458076477051,-1.43838548660278,3.96819734573364,0.163707062602043,0.36887538433075,-0.261977106332779
1.39399981498718,8.79811000823975,-1.18684005737305,4.07796812057495,0.232274666428566,0.540905237197876,-0.25021830201149
1.43499994277954,8.56690311431885,-0.948155999183655,4.34028100967407,0.198830783367157,0.554191172122955,-0.201579600572586
1.47599983215332,8.35902690887451,-0.805483937263489,4.58195638656616,0.0695602297782898,0.434846878051758,-0.126139953732491
1.51699995994568,8.19930553436279,-0.785444021224976,4.736891746521,-0.0827698037028313,0.279997110366821,-0.0499367639422417
1.55799984931946,8.07727146148682,-0.866800010204315,4.80568504333496,-0.166990369558334,0.0795628577470779,0.0170273669064045
1.59899997711182,7.96002340316772,-1.03310120105743,4.74018144607544,-0.199670702219009,-0.243269920349121,0.0975828468799591
1.6399998664856,7.81944513320923,-1.22811627388,4.37348175048828,-0.185315787792206,-0.820520579814911,0.149504870176315
1.68099999427795,7.73210716247559,-1.34566366672516,3.65144729614258,-0.134462758898735,-1.57774209976196,0.125910893082619
1.72199988365173,7.84785985946655,-1.32891392707825,2.61834621429443,-0.250447362661362,-2.15751242637634,0.105065725743771
1.76300001144409,8.20827865600586,-1.36959183216095,1.29960179328918,-0.677735030651093,-2.27838397026062,0.277095586061478
1.80399990081787,8.73679351806641,-1.76859498023987,0.100199446082115,-1.18550181388855,-1.74900841712952,0.611076354980469
1.84500002861023,9.2255277633667,-2.47627234458923,-0.708574593067169,-1.52749991416931,-1.13212907314301,0.861829102039337
1.88599991798401,9.53180885314941,-3.23838639259338,-1.16021990776062,-1.74297630786896,-0.837853372097015,0.892371475696564
1.92699980735779,9.74237728118896,-3.77856612205505,-1.42941248416901,-1.84239172935486,-1.10632073879242,0.807463705539703
1.96799993515015,9.91256713867188,-4.03370094299316,-2.10867500305176,-2.00991654396057,-1.79489827156067,0.730267882347107
2.00899982452393,10.0100746154785,-4.10249423980713,-3.2922248840332,-2.26105117797852,-2.51470541954041,0.663532853126526
2.04999995231628,9.9239330291748,-4.07467794418335,-4.86101913452148,-2.47736740112305,-3.03140592575073,0.632379651069641
2.09099984169006,9.62273597717285,-3.98973274230957,-6.42054128646851,-2.4865300655365,-3.20198488235474,0.584733545780182
2.13199996948242,9.10588645935059,-3.74237465858459,-7.66181802749634,-2.49126410484314,-3.22534990310669,0.490586698055267
2.1729998588562,8.37308502197266,-3.24257373809814,-8.67458057403564,-2.6162588596344,-3.16915202140808,0.408198684453964
2.21399998664856,7.47009325027466,-2.53788757324219,-9.50847911834717,-2.76988697052002,-3.04675340652466,0.4317926466465
2.25499987602234,6.53479862213135,-1.74825608730316,-10.1590280532837,-2.7750027179718,-2.81035542488098,0.516624093055725
2.2960000038147,5.72632360458374,-0.935892760753632,-10.570294380188,-2.64932084083557,-2.44399976730347,0.620391726493835
2.33699989318848,5.07876586914062,-0.125324085354805,-10.6549406051636,-2.50141954421997,-2.00816035270691,0.716752886772156
2.37800002098083,4.51794815063477,0.625723123550415,-10.5020990371704,-2.41116690635681,-1.72197842597961,0.84525990486145
2.41899991035461,4.0214376449585,1.30139636993408,-10.1614208221436,-2.37176728248596,-1.50008821487427,0.889164566993713
2.45999979972839,3.59461784362793,1.90259313583374,-9.54407215118408,-2.38581657409668,-1.29316365718842,0.839914977550507
2.50099992752075,3.21744918823242,2.4837498664856,-8.65184879302979,-2.51615619659424,-1.12617325782776,0.775165200233459
2.54199981689453,2.82682085037231,3.02363061904907,-7.67796945571899,-2.67932868003845,-0.989267110824585,0.757756054401398
2.58299994468689,2.47627234458923,3.47587394714355,-6.52044153213501,-2.77943134307861,-0.824567437171936,0.778448462486267
2.62399983406067,2.28125739097595,3.84945344924927,-5.25075006484985,-2.8689968585968,-0.699343740940094,0.867937624454498
2.66499996185303,2.17507576942444,4.1078782081604,-4.20239496231079,-2.85945248603821,-0.571676671504974,1.02698695659637
2.70599985122681,2.21874475479126,4.28674173355103,-3.4310085773468,-2.61534261703491,-0.386819034814835,1.23169708251953
2.74699997901917,2.36470699310303,4.35762929916382,-2.98564434051514,-2.02870011329651,-0.192187815904617,1.45183122158051
2.78799986839294,2.45473694801331,4.17697095870972,-2.69072914123535,-1.05981993675232,0.0251210927963257,1.519864320755
2.8289999961853,2.53190541267395,3.79082918167114,-2.51425838470459,0.0193943995982409,0.0632226914167404,1.38593602180481
2.86999988555908,2.62283277511597,3.31495666503906,-2.6021945476532,1.02607071399689,-0.0663532838225365,1.15946447849274
2.91100001335144,2.67697024345398,2.78345084190369,-3.0149564743042,1.91050112247467,-0.296719044446945,0.908558964729309
2.95199990272522,2.68414878845215,2.20917344093323,-3.77557492256165,2.48378133773804,-0.637877225875854,0.605807781219482
2.99300003051758,2.69282269477844,1.66929292678833,-4.86161756515503,2.7759952545166,-0.993314027786255,0.238535851240158
3.03399991989136,2.88903427124023,1.13629162311554,-6.46271467208862,2.9531409740448,-1.31194722652435,-0.184552222490311
3.07499980926514,3.38704037666321,0.776171863079071,-8.85194873809814,3.13257741928101,-1.38257646560669,-0.485470861196518
3.1159999370575,3.603590965271,0.40767714381218,-10.55384349823,3.1034095287323,-0.92948043346405,-0.751571178436279
3.15699982643127,3.06580400466919,0.109471634030342,-9.96879863739014,2.6681809425354,-0.232351019978523,-1.23070454597473
3.19799995422363,1.95792710781097,-0.0987039357423782,-9.44716262817383,2.3439736366272,-0.260984480381012,-1.91241002082825
3.23899984359741,0.595812857151031,-0.917348384857178,-10.0432748794556,2.70437359809875,-0.419881135225296,-2.7068932056427
3.27999997138977,-0.699601531028748,-2.38175582885742,-10.4527463912964,3.31262469291687,-0.645894646644592,-3.2815477848053
3.32099986076355,-1.35403847694397,-4.24935388565063,-12.2898359298706,4.32479858398438,-1.38540160655975,-3.54780077934265
3.36199998855591,-1.57268273830414,-6.10618448257446,-13.9549417495728,5.07904243469238,-1.13335072994232,-3.72196865081787
3.40299987792969,-1.71655118465424,-7.63579607009888,-13.1727876663208,4.1923975944519,0.0487150698900223,-3.81993341445923
3.44400000572205,-1.75005066394806,-8.95005416870117,-12.5476627349854,3.06645321846008,-0.120031483471394,-3.57773232460022
3.48499989509583,-1.47038948535919,-10.1192474365234,-13.3618211746216,3.20778799057007,-0.57389098405838,-3.3042254447937
3.52600002288818,-0.757328391075134,-11.1810617446899,-13.741382598877,4.31632328033447,0.234870776534081,-2.80867576599121
3.56699991226196,-0.0520438924431801,-11.9949207305908,-12.5539436340332,5.16906595230103,0.961778998374939,-1.90072762966156
3.60799980163574,0.517148792743683,-12.278769493103,-9.98734283447266,5.59925508499146,1.53208124637604,-1.03973841667175
3.6489999294281,0.821037292480469,-12.2024984359741,-7.57298469543457,5.09057188034058,1.17786622047424,-1.10838234424591
3.68999981880188,0.769890666007996,-11.3386888504028,-6.10678243637085,3.46541285514832,0.320618450641632,-1.53353202342987
3.73099994659424,0.55782675743103,-10.1057872772217,-5.69461870193481,0.827698051929474,0.033367533236742,-1.27384555339813
3.77199983596802,0.294317185878754,-9.69541835784912,-5.69192695617676,-1.16480934619904,0.614283263683319,-0.165845036506653
3.81299996376038,-0.0140578327700496,-10.1907329559326,-5.48405027389526,-1.91790771484375,1.10441184043884,0.894585788249969
3.85399985313416,-0.171385928988457,-10.8358974456787,-5.05603408813477,-2.13063526153564,1.14213168621063,1.22887194156647
3.89499998092651,-0.496809810400009,-11.8322086334229,-4.59421968460083,-2.26540350914001,0.812579572200775,1.28988039493561
3.93599987030029,-1.01754784584045,-13.2095775604248,-3.52522587776184,-2.73987913131714,0.340089201927185,1.06676840782166
3.97699999809265,-1.57477641105652,-14.4131669998169,-2.67248368263245,-3.17709302902222,-0.726908266544342,1.06302690505981
4.01799988746643,-2.18195509910583,-15.7417821884155,-2.78584384918213,-2.42689609527588,-1.20718693733215,1.87545382976532
4.05900001525879,-2.76161646842957,-16.9349040985107,-2.73649168014526,-1.35798978805542,-0.331384629011154,2.90541863441467
4.09999990463257,-3.12383008003235,-17.5588321685791,-2.94975209236145,-1.38295817375183,0.277782797813416,3.83413553237915
4.14100003242493,-3.24945306777954,-17.8378944396973,-4.35762929916382,-2.02343153953552,0.897869110107422,4.59166240692139
4.18199992179871,-3.16929364204407,-17.8058910369873,-6.25693225860596,-2.48355221748352,2.1993556022644,5.23335742950439
4.22299981117249,-2.49302220344543,-17.398811340332,-7.68903636932373,-3.22450995445251,3.57269287109375,5.25237035751343
4.26399993896484,-1.33040940761566,-16.9301166534424,-8.64646434783936,-4.22568845748901,3.69486236572266,4.74345827102661
4.30499982833862,-0.0104685993865132,-15.6275243759155,-8.81844902038574,-4.59937429428101,3.29643726348877,3.23924660682678
4.34599995613098,1.41116714477539,-12.5985107421875,-7.96122026443481,-4.83355808258057,2.79416799545288,1.79573822021484
4.38699984550476,2.6374888420105,-9.16750144958496,-7.06809902191162,-5.48380470275879,2.4195659160614,1.24834275245667
4.42799997329712,3.47677135467529,-6.34546661376953,-6.3780689239502,-5.8784122467041,2.41903162002563,0.900312483310699
4.4689998626709,3.69990205764771,-3.87816739082336,-4.56759929656982,-4.91411352157593,2.5072226524353,0.39323291182518
4.50999999046326,3.54885506629944,-1.67108750343323,-2.31505584716797,-3.48977041244507,2.07260465621948,-0.166914016008377
4.55099987983704,2.98863554000854,0.0879362300038338,-0.284446805715561,-2.25372099876404,1.4700802564621,-0.708735525608063
4.59200000762939,1.93011057376862,1.14077818393707,1.5819548368454,-1.38196551799774,0.94276636838913,-1.10861146450043
4.63299989700317,0.440279364585876,1.42582321166992,2.7257239818573,-0.366202920675278,0.455539345741272,-1.29476714134216
4.67400002479553,-1.37916314601898,1.02083790302277,3.35832667350769,1.42319774627686,-0.0721563324332237,-1.3760861158371
4.71499991416931,-2.75354075431824,0.842871785163879,3.26620292663574,3.21427822113037,-0.817084550857544,-1.44274485111237
4.75599980354309,-2.84775805473328,1.12911319732666,2.29411864280701,4.06808996200562,-1.6527236700058,-0.842052936553955
4.79699993133545,-1.60947227478027,0.83778703212738,0.405583441257477,3.41203999519348,-2.11040091514587,-0.138662323355675
4.83799982070923,0.21774685382843,-0.198305174708366,-1.74018025398254,2.53501605987549,-1.36860322952271,-0.145687073469162
4.87899994850159,1.63250327110291,-1.86221420764923,-3.295814037323,2.49760174751282,-0.0450499840080738,-0.275644838809967
4.91999983787537,2.33240389823914,-4.17308282852173,-4.44317245483398,3.19014978408813,0.486921608448029,-0.607793033123016
4.96099996566772,2.41226434707642,-6.7654070854187,-5.53429985046387,4.10382461547852,-0.0511584579944611,-1.11632335186005
5.0019998550415,2.16251349449158,-9.43340396881104,-6.47049140930176,5.20770215988159,-0.892066061496735,-1.83078563213348
5.04299998283386,1.84965193271637,-11.9754791259766,-7.54277515411377,5.42065858840942,-1.75901103019714,-2.63107180595398
5.08399987220764,1.40817618370056,-14.1394882202148,-8.59142971038818,4.79423475265503,-1.87553012371063,-3.3398072719574
5.125,1.21854496002197,-15.8081827163696,-8.40060234069824,4.33021974563599,-1.53780794143677,-3.57864856719971
5.16599988937378,0.96012008190155,-17.6377944946289,-7.68155908584595,3.88391947746277,-1.5673576593399,-3.65019416809082
5.20700001716614,1.04865455627441,-19.5583343505859,-6.81625461578369,3.32255101203918,-1.63539087772369,-3.89514398574829
5.24799990653992,1.18295168876648,-21.1151638031006,-5.64975357055664,3.03033685684204,-1.49940097332001,-4.02250576019287
5.28900003433228,1.34686005115509,-21.622142791748,-4.19551563262939,3.044997215271,-0.915812730789185,-3.9924213886261
5.32999992370605,1.55174553394318,-20.2998104095459,-2.67846584320068,3.35988903045654,-0.121787674725056,-3.44861459732056
5.37099981307983,1.57986116409302,-17.8501586914062,-1.69800674915314,3.39516544342041,0.887255668640137,-2.70864939689636
5.41199994087219,1.82931292057037,-15.7444734573364,-1.50717914104462,2.88052654266357,0.529222786426544,-2.06183862686157
5.45299983024597,2.20707988739014,-14.3279228210449,-2.20737886428833,2.03671741485596,-0.500742018222809,-1.91279184818268
5.49399995803833,2.37038993835449,-12.9000062942505,-3.23180603981018,1.45099127292633,-1.0045382976532,-1.67815017700195
5.53499984741211,2.06979155540466,-11.132607460022,-3.8539400100708,1.00331664085388,-0.566637217998505,-1.42648100852966
5.57599997520447,1.53589308261871,-9.4055871963501,-3.8623149394989,0.332835406064987,-0.0165692325681448,-0.904435694217682
5.61699986457825,1.21316111087799,-8.44486904144287,-3.62363076210022,-0.452026963233948,0.046729814261198,-0.126292675733566
5.65799999237061,1.35314118862152,-8.48734188079834,-3.46271347999573,-1.12418806552887,-0.0322221927344799,0.550526082515717
5.69899988174438,1.70907354354858,-9.30927658081055,-3.37477731704712,-1.52467477321625,0.145534366369247,1.1007467508316
5.74000000953674,1.9438693523407,-10.6008024215698,-3.20817685127258,-1.88667809963226,0.643222153186798,1.52391123771667
5.78099989891052,1.9794625043869,-12.0221395492554,-2.872882604599,-2.41826796531677,1.27583086490631,1.9399745464325
5.82200002670288,1.87956213951111,-13.5619201660156,-2.60309195518494,-3.09081077575684,1.86850535869598,2.37451601028442
5.86299991607666,1.61904358863831,-15.1576337814331,-2.48883461952209,-3.63622093200684,2.38176989555359,2.57907342910767
5.90399980545044,1.16650104522705,-16.6477642059326,-2.29740881919861,-3.81619191169739,2.60824155807495,2.56723833084106
5.9449999332428,0.613758981227875,-17.6946239471436,-2.07457733154297,-3.86841940879822,2.3386287689209,2.43247008323669
5.98599982261658,0.127716913819313,-18.1444759368896,-2.10867500305176,-3.87712383270264,1.61943244934082,2.43094301223755
6.02699995040894,-0.107377916574478,-18.1211452484131,-2.76042008399963,-3.737468957901,0.64986515045166,2.54960012435913
6.06799983978271,0.114257283508778,-17.5049934387207,-4.04028081893921,-3.58345913887024,-0.0923142954707146,2.62351250648499
6.10899996757507,0.735194742679596,-16.5191497802734,-5.83220624923706,-3.64049696922302,-0.259151935577393,2.76927614212036
6.14999985694885,1.35583317279816,-15.4438753128052,-7.59481906890869,-3.69952011108398,0.445536732673645,2.77591896057129
6.19099998474121,1.54935264587402,-14.3647127151489,-8.71525859832764,-3.56612634658813,1.27659440040588,2.34153032302856
6.23199987411499,1.52243340015411,-12.8374938964844,-8.73649501800537,-3.66844320297241,1.82933485507965,1.82040119171143
6.27300000190735,1.81136679649353,-10.3142623901367,-8.07727146148682,-4.52256059646606,1.50497496128082,2.08566164970398
6.31399989128113,2.52173590660095,-7.57388210296631,-7.82303476333618,-5.12485599517822,1.17763710021973,2.1831681728363
6.35500001907349,3.03709006309509,-5.68325281143188,-7.48983383178711,-4.71940612792969,1.23727107048035,1.65936660766602
6.39599990844727,3.28803730010986,-4.16440868377686,-6.26141881942749,-4.20217084884644,1.71434283256531,0.68170553445816
6.43700003623962,3.26141715049744,-2.39880466461182,-4.13958311080933,-3.8788800239563,1.79115688800812,0.0418430380523205
6.4779999256134,2.94885492324829,-0.59820568561554,-1.977667927742,-3.6327850818634,1.30423521995544,-0.170350030064583
6.51899981498718,2.58783769607544,0.893420159816742,-0.599402070045471,-3.3356077671051,0.686057806015015,-0.151337414979935
6.55999994277954,2.31685042381287,2.00608277320862,0.409770876169205,-2.67092967033386,0.267092972993851,0.000534491380676627
6.60099983215332,2.19631218910217,2.7693932056427,1.02412807941437,-1.80009055137634,0.127361655235291,0.0662005692720413
6.64199995994568,2.24207472801208,3.35653185844421,1.15274226665497,-0.720723390579224,0.15355172753334,-0.0247393138706684
6.68299984931946,2.2959132194519,3.79860591888428,0.761216700077057,0.405526220798492,0.143701821565628,-0.212116703391075
6.72399997711182,2.17866492271423,3.96371078491211,0.0577268451452255,1.1169341802597,0.0957503095269203,-0.504178047180176
6.7649998664856,1.8490537405014,3.8524444103241,-0.696012258529663,1.47756314277649,-0.0724617540836334,-0.824414730072021
6.80599999427795,1.4398809671402,3.60448813438416,-1.36719906330109,1.80337381362915,-0.407206058502197,-1.02049672603607
6.84699988365173,1.15393877029419,3.20698046684265,-2.13110756874084,2.00434255599976,-0.861829102039337,-1.06806647777557
6.88800001144409,1.07796657085419,2.51635217666626,-3.04606318473816,2.26876306533813,-1.01851141452789,-1.0629506111145
6.92899990081787,1.10039925575256,1.50478637218475,-4.11296319961548,2.51073503494263,-0.921768486499786,-1.0834139585495
6.97000002861023,1.11415803432465,0.244965225458145,-5.48076009750366,2.84891533851624,-0.798377394676208,-1.22360336780548
7.01099991798401,1.0489536523819,-1.31365966796875,-6.8455662727356,3.28712177276611,-0.605807781219482,-1.49313974380493
7.05199980735779,0.730708241462708,-3.40319204330444,-8.25882720947266,3.86292171478271,-0.693311631679535,-1.94776284694672
7.09299993515015,-0.00209371978417039,-5.61146831512451,-10.0537433624268,4.47537231445312,-1.30965650081635,-2.72124814987183
7.13399982452393,-0.99481600522995,-7.27447986602783,-11.5459671020508,4.91014289855957,-1.96234679222107,-3.72372484207153
7.17499995231628,-1.53379929065704,-8.91057205200195,-12.3685007095337,4.50797653198242,-2.13376593589783,-4.52179670333862
7.21599984169006,-1.72432780265808,-10.0486583709717,-11.9001054763794,3.4339542388916,-1.56659412384033,-4.7746114730835
7.25699996948242,-1.66929292678833,-11.0147609710693,-10.6136636734009,2.68261218070984,-0.944446206092834,-4.3229660987854
7.2979998588562,-1.564906001091,-12.7971143722534,-9.43729209899902,2.8571617603302,-0.57152396440506,-3.63133430480957
7.33899998664856,-1.21226382255554,-15.3275241851807,-8.55134963989258,3.61102366447449,-0.205244675278664,-3.13670063018799
7.37999987602234,-0.52462637424469,-16.6477642059326,-6.73699235916138,3.69394612312317,-0.0403159186244011,-2.53654313087463
7.4210000038147,0.0708873718976974,-16.8053913116455,-5.26510715484619,2.61694598197937,0.234412640333176,-1.79993784427643
7.46199989318848,0.210867494344711,-16.7324104309082,-4.48325252532959,2.83799648284912,1.53773164749146,-1.65249454975128
7.50300002098083,0.0367896482348442,-16.2502574920654,-3.29880499839783,3.82940149307251,2.28724122047424,-1.83322894573212
7.54399991035461,-0.0119641134515405,-15.2644138336182,-2.03689026832581,4.44505929946899,1.72732329368591,-1.94310510158539
7.58499979972839,0.375074952840805,-13.7772741317749,-0.825224697589874,4.33258676528931,0.925968110561371,-1.92004561424255
7.62599992752075,0.994516909122467,-12.3622188568115,-0.031405795365572,3.39982318878174,0.240139335393906,-1.77290785312653
7.66699981689453,1.68514537811279,-10.9725875854492,0.0921236723661423,2.19240713119507,-0.115373775362968,-1.79863977432251
7.70799994468689,2.30817651748657,-9.412766456604,0.330209523439407,1.31248164176941,0.0705528557300568,-1.62638080120087
7.74899983406067,2.51964235305786,-8.03300476074219,0.951147019863129,0.732711315155029,0.10750912129879,-1.11731600761414
7.78999996185303,2.72004103660583,-6.85483884811401,1.49940252304077,0.264038741588593,-0.172793418169022,-0.690944612026215
7.83099985122681,3.19441819190979,-5.97188711166382,1.91485631465912,-0.17645850777626,-0.349557340145111,-0.275415748357773
7.87199997901917,3.86440849304199,-5.70359182357788,2.30339097976685,-0.583969950675964,-0.226471617817879,0.162103593349457
7.91299986839294,4.60169696807861,-6.03021240234375,2.57437801361084,-0.857018709182739,0.10628741979599,0.421790033578873
7.9539999961853,5.37308311462402,-6.76959419250488,2.68594336509705,-0.973614156246185,0.492190182209015,0.441260784864426
7.99499988555908,5.78853702545166,-7.62323379516602,2.97248387336731,-1.12052297592163,0.82655268907547,0.21830153465271
8.03600001335144,5.61715126037598,-8.01775074005127,3.55932378768921,-1.43182599544525,1.18489098548889,-0.302445739507675
8.07699990272522,4.98604440689087,-8.01595592498779,4.30767917633057,-1.50421142578125,1.3405042886734,-0.369257181882858
8.11800003051758,4.14706087112427,-7.93430089950562,4.96002244949341,-1.44190490245819,0.939941227436066,-0.155307918787003
8.15899991989136,3.5682966709137,-7.89930582046509,5.01415967941284,-1.56025660037994,-0.0776539593935013,0.0965902209281921
8.19999980926514,3.40558481216431,-8.26809978485107,4.34087944030762,-1.70571458339691,-0.790512681007385,0.58297735452652
8.2409999370575,3.48963260650635,-9.14955520629883,3.13429856300354,-1.81207835674286,-0.780051946640015,1.04920649528503
8.28199982643127,3.64965271949768,-10.2568340301514,1.83499586582184,-2.07016134262085,-0.0496313385665417,1.19939863681793
8.32299995422363,3.57098865509033,-11.4622182846069,0.901795029640198,-2.47545862197876,0.894662141799927,1.29285824298859
8.36399984359741,3.22044014930725,-12.5832557678223,0.264706015586853,-2.96489977836609,1.60920071601868,1.21314263343811
8.40499997138977,2.7595226764679,-13.4449710845947,-0.22462622821331,-3.31025767326355,2.10772848129272,1.07845079898834
8.44599986076355,2.37786746025085,-13.8984107971191,-0.706181764602661,-3.36790633201599,2.17935037612915,0.980791628360748
8.48699998855591,2.28574371337891,-13.8532466888428,-1.2840484380722,-3.26276421546936,1.76046180725098,0.8690065741539
8.52799987792969,2.42692041397095,-13.4087800979614,-2.09581351280212,-3.23245096206665,1.06096529960632,0.770507454872131
8.56900000572205,2.7610182762146,-12.6637144088745,-3.20727968215942,-3.34904646873474,0.521281778812408,0.653988361358643
8.60999989509583,3.19561457633972,-11.6680011749268,-4.30827713012695,-3.42502069473267,0.477835267782211,0.603593468666077
8.65100002288818,3.58983206748962,-10.5361967086792,-5.13469839096069,-3.55436754226685,0.698580205440521,0.596263289451599
8.69199991226196,3.95862603187561,-9.32602596282959,-5.7490553855896,-3.85444617271423,0.888706386089325,0.46195325255394
8.73299980163574,4.24905490875244,-8.08385181427002,-6.28654336929321,-4.09763956069946,1.02981209754944,0.261366277933121
8.7739999294281,4.43748950958252,-6.87158823013306,-6.66879653930664,-3.99662089347839,1.26231586933136,0.107432760298252
8.81499981880188,4.44287347793579,-5.69701147079468,-6.88744068145752,-3.5052707195282,1.38723409175873,0.0606265887618065
8.85599994659424,4.34626340866089,-4.51106882095337,-6.78484869003296,-2.75576114654541,1.62813699245453,-0.0610083714127541
8.89699983596802,4.41326236724854,-3.37866568565369,-6.24676275253296,-1.94997715950012,1.8049772977829,-0.174702316522598
8.93799996376038,4.55294322967529,-2.50139689445496,-5.73768949508667,-1.3254622220993,1.54605436325073,-0.154697075486183
8.97899985313416,4.71924448013306,-1.95583343505859,-5.50977325439453,-0.817848145961761,1.27506732940674,-0.236779674887657
9.01999998092651,4.91725063323975,-1.54695987701416,-5.37009239196777,-0.347190320491791,1.12678408622742,-0.449965357780457
9.06099987030029,5.15354156494141,-1.01665055751801,-5.1242299079895,-0.0582595579326153,0.970025420188904,-0.687050461769104
9.10199999809265,5.42422962188721,-0.454636305570602,-4.97288370132446,0.0351237170398235,0.762795507907867,-0.755618035793304
9.14299988746643,5.67637348175049,0.028713870793581,-5.06769943237305,0.058870404958725,0.598019480705261,-0.63421219587326
9.18400001525879,5.90428972244263,0.403788834810257,-5.37098932266235,0.083075225353241,0.576639831066132,-0.457524597644806
9.22499990463257,6.08464908599854,0.706181764602661,-5.61386108398438,0.180352658033371,0.664907217025757,-0.385902762413025
9.26600003242493,6.21894598007202,0.953240692615509,-5.58036136627197,0.226853400468826,0.758748650550842,-0.435992240905762
9.30699992179871,6.32722139358521,1.19132661819458,-5.40927457809448,0.162332653999329,0.713469624519348,-0.472490340471268
9.34799981117249,6.42054128646851,1.43389892578125,-5.29202651977539,0.185621216893196,0.533651411533356,-0.448285520076752
9.38899993896484,6.52582550048828,1.64147639274597,-5.29412031173706,0.280378878116608,0.348030239343643,-0.346732169389725
9.42999982833862,6.66251564025879,1.81405866146088,-5.40060091018677,0.392163932323456,0.242430001497269,-0.202266797423363
9.47099995613098,6.85364246368408,1.94028007984161,-5.50947427749634,0.441184431314468,0.214483737945557,-0.0731489583849907
9.51199984550476,7.1832537651062,2.00249338150024,-5.57766962051392,0.376587331295013,0.167143076658249,0.0613901503384113
9.55299997329712,7.61067152023315,1.98544454574585,-5.68624401092529,0.266558468341827,0.0946813225746155,0.241131961345673
9.5939998626709,7.9785680770874,1.8035900592804,-5.91027212142944,0.176229432225227,0.11682453751564,0.445231288671494
9.63499999046326,8.27527809143066,1.43060886859894,-6.08584547042847,0.174015119671822,0.376510977745056,0.552053213119507
9.67599987983704,8.52562713623047,1.03100740909576,-5.9398832321167,0.216087222099304,0.748287916183472,0.50349086523056
9.71700000762939,8.74815940856934,0.664307415485382,-5.51575517654419,0.293130338191986,0.925128161907196,0.35711658000946
9.75799989700317,8.97727203369141,0.328414916992188,-5.1343994140625,0.402853757143021,0.813114047050476,0.137440636754036
9.79900002479553,9.19771099090576,0.0553340241312981,-4.89122867584229,0.485776275396347,0.615046858787537,-0.144083604216576
9.83999991416931,9.33170890808105,-0.121734850108624,-4.69172716140747,0.555947363376617,0.473406612873077,-0.445460349321365
9.88099980354309,9.32991504669189,-0.16301104426384,-4.53858613967896,0.676207900047302,0.341845393180847,-0.67597883939743
9.92199993133545,9.16600608825684,-0.101096756756306,-4.45184659957886,0.868930220603943,0.260831773281097,-0.823422133922577
9.96299982070923,8.89292526245117,0.122333057224751,-4.36271381378174,1.05004644393921,0.26831465959549,-0.919630527496338
10.0039999485016,8.57826900482178,0.521934449672699,-4.26012182235718,1.1654965877533,0.291908621788025,-0.903672158718109
10.0449998378754,8.35783004760742,0.985543847084045,-4.23679161071777,1.23207890987396,0.236703306436539,-0.803874969482422
10.0859999656677,8.29890727996826,1.46141648292542,-4.47547578811646,1.19840598106384,0.0310004986822605,-0.624896764755249
10.1269998550415,8.31057167053223,1.95643162727356,-5.03240489959717,1.00896692276001,-0.145687073469162,-0.516471385955811
10.1679999828339,8.27168846130371,2.44187545776367,-5.62702131271362,0.727519094944,-0.183559596538544,-0.49776417016983
10.2089998722076,8.06740188598633,2.72692060470581,-5.93689203262329,0.386819034814835,-0.297100841999054,-0.472872138023376
10.25,7.77667379379272,2.77806711196899,-5.86809825897217,-0.0194707568734884,-0.530902624130249,-0.482492983341217
10.2909998893738,7.59721183776855,2.66769814491272,-5.64466857910156,-0.357803791761398,-0.788527429103851,-0.449889004230499
10.3320000171661,7.59631443023682,2.45114779472351,-5.48315286636353,-0.490204930305481,-0.935054421424866,-0.346961230039597
10.3729999065399,7.70907640457153,2.2348964214325,-5.37009239196777,-0.448743671178818,-0.857400476932526,-0.227846026420593
10.4140000343323,7.82752084732056,2.09431791305542,-5.25254487991333,-0.345663189888,-0.578625082969666,-0.119115218520164
10.4549999237061,7.88165855407715,2.05782747268677,-5.09910488128662,-0.229602217674255,-0.224486365914345,-0.039476003497839
10.4959998130798,7.89511823654175,2.12632203102112,-4.90169715881348,-0.122169449925423,0.0699420124292374,0.00419957470148802
10.5369999408722,7.89481925964355,2.25762820243835,-4.73868608474731,-0.0358109213411808,0.216316282749176,0.0406213440001011
10.577999830246,7.90917634963989,2.40867519378662,-4.71356153488159,0.0173327904194593,0.229525864124298,0.0565033704042435
10.6189999580383,7.95254611968994,2.51485657691956,-4.83260440826416,0.118122585117817,0.14332003891468,0.0460426136851311
10.6599998474121,8.01685333251953,2.51246380805969,-4.9941201210022,0.226777046918869,0.0152711812406778,-0.0189362652599812
10.7009999752045,8.04736137390137,2.44755840301514,-5.18823766708374,0.219141453504562,-0.145381644368172,-0.0959030166268349
10.7419998645782,7.9989070892334,2.43649172782898,-5.39910507202148,0.14484715461731,-0.178214684128761,-0.201274171471596
10.7829999923706,7.91037273406982,2.47268319129944,-5.55523681640625,0.173251554369926,-0.119115218520164,-0.266329407691956
10.8239998817444,7.80030250549316,2.47447776794434,-5.65154790878296,0.226777046918869,-0.0557398125529289,-0.229602217674255
10.8650000095367,7.70219707489014,2.43439793586731,-5.71376132965088,0.240750178694725,0.0241284668445587,-0.182643324136734
10.9059998989105,7.64985418319702,2.37966203689575,-5.76969337463379,0.245178818702698,0.0752105712890625,-0.139502242207527
10.9470000267029,7.65105056762695,2.3416759967804,-5.81695175170898,0.251898139715195,0.0903290361166,-0.0981173440814018
10.9879999160767,7.66570663452148,2.31296229362488,-5.86750030517578,0.237848654389381,0.0790283605456352,-0.0776539593935013
11.0289998054504,7.66809940338135,2.26989126205444,-5.9231333732605,0.238535851240158,0.0590994730591774,-0.0824643820524216
11.0699999332428,7.66361284255981,2.23011064529419,-5.92582511901855,0.235557973384857,0.0525328628718853,-0.110563352704048
11.1109998226166,7.66809940338135,2.19062924385071,-5.90877628326416,0.206695437431335,0.0574196428060532,-0.120031483471394
11.1519999504089,7.70817899703979,2.11256337165833,-5.90010261535645,0.205244675278664,0.0820062458515167,-0.0807845517992973
11.1929998397827,7.79252624511719,2.01056933403015,-5.91266489028931,0.227998733520508,0.0972010716795921,-0.00824643764644861
11.2339999675751,7.86760091781616,1.89930295944214,-5.96500778198242,0.207611709833145,0.125529110431671,0.0597103200852871
11.2749998569489,7.90977430343628,1.77547442913055,-6.05503749847412,0.194860279560089,0.202419504523277,0.098040983080864
11.3159999847412,7.93878746032715,1.6564314365387,-6.14985322952271,0.226777046918869,0.232503741979599,0.107738181948662
11.356999874115,7.91665363311768,1.4955141544342,-6.25932502746582,0.295421004295349,0.169051975011826,0.124001994729042
11.3980000019073,7.82363271713257,1.34087800979614,-6.30897617340088,0.293130338191986,0.115755558013916,0.0814717561006546
11.4389998912811,7.69262552261353,1.30349016189575,-6.19471883773804,0.0912453085184097,0.176382139325142,0.0800973474979401
11.4800000190735,7.57118988037109,1.40727877616882,-6.00867652893066,-0.201732307672501,0.307179808616638,0.138585969805717
11.5209999084473,7.5068826675415,1.63489603996277,-5.78375148773193,-0.372845888137817,0.435305029153824,0.215247303247452
11.5620000362396,7.55892658233643,1.96660113334656,-5.5220365524292,-0.282593220472336,0.447063833475113,0.302751183509827
11.6029999256134,7.71535730361938,2.28394913673401,-5.37996244430542,-0.0897945463657379,0.217003494501114,0.39323291182518
11.6439998149872,7.95763063430786,2.4750759601593,-5.30070018768311,0.00740652298554778,-0.0691020935773849,0.400334030389786
11.6849999427795,8.1762752532959,2.49062919616699,-5.33330249786377,-0.169128328561783,-0.278240919113159,0.327108711004257
11.7259998321533,8.30758094787598,2.46101808547974,-5.31236553192139,-0.428433001041412,-0.360247164964676,0.188446372747421
11.7669999599457,8.40837860107422,2.42961239814758,-5.25314283370972,-0.620391726493835,-0.367730051279068,0.102775052189827
11.8079998493195,8.49541759490967,2.33419847488403,-5.20588493347168,-0.694456994533539,-0.271216183900833,0.109112590551376
11.8489999771118,8.51695346832275,2.1807587146759,-5.1041898727417,-0.6907919049263,-0.0686439573764801,0.16683766245842
11.8899998664856,8.41256618499756,1.96719932556152,-4.88614368438721,-0.60977828502655,0.124765552580357,0.225555345416069
11.930999994278,8.20409107208252,1.74526500701904,-4.52064037322998,-0.522732555866241,0.229831278324127,0.206313654780388
11.9719998836517,7.98036241531372,1.54008042812347,-4.13748931884766,-0.383230298757553,0.0891073420643806,0.152330040931702
12.0130000114441,7.86580610275269,1.32562375068665,-4.00259399414062,-0.0113006746396422,-0.433777898550034,0.169204697012901
12.0539999008179,7.91037273406982,1.16530466079712,-4.3651065826416,0.258006602525711,-0.934749007225037,0.139654949307442
12.0950000286102,8.02373218536377,1.19491577148438,-5.10867643356323,0.162790790200233,-0.862974464893341,0.000229067722102627
12.135999917984,8.07667350769043,1.40279221534729,-5.71346235275269,0.18760646879673,-0.399952232837677,-0.0888019204139709
12.1769998073578,8.05125045776367,1.6935201883316,-5.8926248550415,0.255410522222519,0.0380252413451672,-0.0681858286261559
12.2179999351501,8.01057243347168,1.94985139369965,-5.79451894760132,0.174473240971565,0.266558468341827,0.0201579593122005
12.2589998245239,7.9788670539856,2.02941274642944,-5.72512722015381,0.105523861944675,0.221737548708916,0.129575967788696
12.2999999523163,8.00907611846924,1.91665089130402,-5.73140859603882,0.09666658192873,0.110868774354458,0.135608091950417
12.3409998416901,8.10478973388672,1.75692999362946,-5.71854686737061,0.0426829531788826,0.0655133649706841,0.0337493121623993
12.3819999694824,8.14457035064697,1.61665081977844,-5.70239543914795,-0.014965757727623,0.0701710805296898,-0.0755923464894295
12.4229998588562,8.11705303192139,1.55473649501801,-5.65364170074463,-0.00442864280194044,0.133928254246712,-0.147443249821663
12.4639999866486,8.06351280212402,1.53948223590851,-5.56959390640259,0.0721563324332237,0.197303667664528,-0.155231565237045
12.5049998760223,8.0383882522583,1.54725897312164,-5.49661254882812,0.139654949307442,0.217079848051071,-0.140494868159294
12.5460000038147,8.04736137390137,1.56071853637695,-5.46670246124268,0.141258433461189,0.196081966161728,-0.108730815351009
12.5869998931885,8.07338333129883,1.55712938308716,-5.47776937484741,0.129652336239815,0.153857156634331,-0.103614963591099
12.6280000209808,8.12153911590576,1.56849527359009,-5.49810838699341,0.0902526825666428,0.126445382833481,-0.125223681330681
12.6689999103546,8.17477989196777,1.58045935630798,-5.47627353668213,0.0442100688815117,0.176687568426132,-0.126674443483353
12.7099997997284,8.21336364746094,1.5885351896286,-5.34676218032837,0.0453554093837738,0.243804410099983,-0.0987281873822212
12.7509999275208,8.22532749176025,1.58883428573608,-5.08145809173584,0.0400104969739914,0.277324646711349,-0.081089973449707
12.7919998168945,8.21874713897705,1.54875445365906,-4.74526643753052,0.0653606578707695,0.22311195731163,-0.0889546349644661
12.8329999446869,8.21844863891602,1.4955141544342,-4.57926416397095,0.118275299668312,0.118580721318722,-0.137593343853951
12.8739998340607,8.23818969726562,1.49312138557434,-4.62263441085815,0.241131961345673,0.130950376391411,-0.202114090323448
12.914999961853,8.24506855010986,1.55324101448059,-4.6325044631958,0.340547353029251,0.271216183900833,-0.248233050107956
12.9559998512268,8.14845848083496,1.54905354976654,-4.44496726989746,0.355284035205841,0.366813778877258,-0.224486365914345
12.9969999790192,7.9181489944458,1.39202451705933,-4.07467794418335,0.342608958482742,0.306874394416809,-0.169357404112816
13.0379998683929,7.73360300064087,1.15124678611755,-3.71814727783203,0.399265050888062,0.0856713280081749,-0.151184692978859
13.0789999961853,7.78355312347412,0.908375322818756,-3.60000157356262,0.505017995834351,-0.109265305101871,-0.0853659063577652
13.1199998855591,8.04975414276123,0.59671014547348,-3.76779842376709,0.708506464958191,-0.0883437842130661,0.108501747250557
13.1610000133514,8.39491939544678,0.194416835904121,-4.01216554641724,0.96536773443222,0.203946635127068,0.293741166591644
13.2019999027252,8.69222736358643,-0.161814630031586,-4.15573453903198,1.16793990135193,0.620849907398224,0.373151332139969
13.2430000305176,8.90877819061279,-0.430708080530167,-4.14556503295898,1.41892182826996,0.828461587429047,0.350168198347092
13.2839999198914,9.07298564910889,-0.637687206268311,-4.03938388824463,1.60171782970428,0.733093082904816,0.235863402485847
13.3249998092651,9.21027374267578,-0.814157903194427,-4.06211566925049,1.52223134040833,0.499749422073364,0.132706567645073
13.3659999370575,9.29970550537109,-1.01605236530304,-4.15094900131226,1.61530923843384,0.238764926791191,0.0705528557300568
13.4069998264313,9.32602596282959,-1.21615207195282,-4.19222545623779,1.50993812084198,0.141029357910156,-0.025655584409833
13.4479999542236,9.28654479980469,-1.39471650123596,-4.24367094039917,1.42968797683716,0.091932512819767,-0.01068982668221
13.4889998435974,9.24466991424561,-1.60977149009705,-4.45304298400879,1.44213402271271,0.125452756881714,0.0466534607112408
13.5299999713898,9.20877838134766,-1.77397882938385,-4.53439903259277,1.58194172382355,0.137516990303993,0.0442864261567593
13.5709998607635,9.16600608825684,-1.75154614448547,-4.41924428939819,1.49031460285187,0.0972010716795921,-0.0625354871153831
13.6119999885559,9.14237689971924,-1.75483632087708,-4.20418930053711,1.26300311088562,-0.0918561592698097,-0.177451133728027
13.6529998779297,9.21117115020752,-1.85503578186035,-4.14586448669434,0.95490700006485,-0.332377254962921,-0.25838840007782
13.694000005722,9.30568695068359,-1.98843562602997,-4.46261405944824,0.751571178436279,-0.390484124422073,-0.211582213640213
13.7349998950958,9.35713291168213,-2.09371972084045,-4.76171684265137,0.800133526325226,-0.12316207587719,-0.103004120290279
13.7760000228882,9.33200836181641,-2.17208480834961,-4.66151762008667,0.992245018482208,0.206237301230431,-0.0516165941953659
13.816999912262,9.2491569519043,-2.2214367389679,-4.20688152313232,0.995604693889618,0.28366219997406,-0.0715454816818237
13.8579998016357,9.15523815155029,-2.27706980705261,-3.8219358921051,0.872977077960968,0.105065725743771,-0.0988045409321785
13.8989999294281,9.10498905181885,-2.3195424079895,-3.70229482650757,0.696671307086945,-0.082082599401474,-0.144007235765457
13.9399998188019,9.11276626586914,-2.31296229362488,-3.76211547851562,0.592063724994659,-0.157445877790451,-0.153093591332436
13.9809999465942,9.18784046173096,-2.26809668540955,-3.79053020477295,0.550067961215973,-0.138738676905632,-0.142632842063904
14.021999835968,9.36520862579346,-2.23938298225403,-3.78574442863464,0.375289291143417,-0.115144707262516,-0.0878856480121613
14.0629999637604,9.60927677154541,-2.32223439216614,-3.78694105148315,0.110945135354996,-0.0146603342145681,-0.000916270888410509
14.1039998531342,9.70498943328857,-2.50767803192139,-3.75942349433899,-0.176382139325142,0.196387395262718,0.00320694805122912
14.1449999809265,9.36670398712158,-2.61445784568787,-3.5410783290863,-0.131561234593391,0.364752173423767,-0.121405892074108
14.1859998703003,8.6703929901123,-2.39342093467712,-2.96949291229248,0.219752296805382,0.442482471466064,-0.338867515325546
14.2269999980927,8.16012382507324,-1.98394906520844,-2.23908376693726,0.557627201080322,0.247545853257179,-0.389109700918198
14.2679998874664,8.54297542572021,-1.88793706893921,-1.62682032585144,0.591529190540314,-0.246782287955284,-0.16592139005661
14.3090000152588,9.40379333496094,-2.31744861602783,-1.76022017002106,0.209902390837669,-0.836249887943268,0.113006740808487
14.3499999046326,9.73789119720459,-2.85822653770447,-2.79391956329346,-0.0710109919309616,-1.05836927890778,0.0619246400892735
14.3910000324249,9.41456031799316,-2.77716970443726,-3.59401965141296,0.104378528892994,-0.607182204723358,-0.365363031625748
14.4319999217987,8.91715240478516,-2.08384943008423,-3.56590390205383,0.338867515325546,0.0694838762283325,-0.58687150478363
14.4729998111725,8.68265628814697,-1.49641144275665,-3.08763861656189,0.345892250537872,0.419041216373444,-0.321611076593399
14.5139999389648,8.78883743286133,-1.45722901821136,-2.67876505851746,0.151031985878944,0.322298288345337,0.0590994730591774
14.5549998283386,9.07657432556152,-1.78803670406342,-2.69192552566528,-0.0519983731210232,-0.0417666807770729,0.178291037678719
14.595999956131,9.241379737854,-2.05842566490173,-3.06371021270752,-0.0413849018514156,-0.360781669616699,0.0676513314247131
14.6369998455048,9.17767143249512,-2.00428795814514,-3.44057989120483,0.0542890504002571,-0.39414918422699,-0.144770801067352
14.6779999732971,9.08973503112793,-1.75663089752197,-3.6086757183075,0.0865112394094467,-0.250676453113556,-0.222653821110725
14.7189998626709,9.16899681091309,-1.67467677593231,-3.61166667938232,0.0191653333604336,-0.115831911563873,-0.0810136198997498
14.7599999904633,9.40050315856934,-1.89003074169159,-3.61076927185059,-0.0938414111733437,-0.0775012448430061,0.054747186601162
14.800999879837,9.53988456726074,-2.18165612220764,-3.66400957107544,-0.0959793776273727,-0.0982700511813164,0.00427593104541302
14.8420000076294,9.35264682769775,-2.1975085735321,-3.63738942146301,0.0282516852021217,-0.0536018460988998,-0.194936633110046
