0,4.4189453125,1.54426789283752,8.46072196960449,0.00847550574690104,-0.0030542362947017,0.038483377546072
0.0409998893737793,4.42732000350952,1.53409838676453,8.46161937713623,0.00282516865991056,0.00419957470148802,0.0386360883712769
0.0820000171661377,4.43300294876099,1.52213430404663,8.46849822998047,0.0136677073314786,0.00649025198072195,0.0381015986204147
0.122999906539917,4.43031120300293,1.51106750965118,8.48076152801514,0.0176382139325142,-0.00549762509763241,0.0264954995363951
0.163999795913696,4.43509674072266,1.51196479797363,8.47747135162354,0.0158820282667875,-0.0166455879807472,0.0159583855420351
0.204999923706055,4.44765901565552,1.52213430404663,8.4568338394165,0.0075592347420752,-0.0075592347420752,0.00878092925995588
0.245999813079834,4.45453834533691,1.53649127483368,8.44337368011475,-0.000534491380676627,0.00748287886381149,0.01068982668221
0.286999940872192,4.45364093780518,1.54666078090668,8.45653438568115,-0.0158820282667875,-0.00809372588992119,0.0119878770783544
0.327999830245972,4.44945383071899,1.54008042812347,8.4595251083374,-0.00771194649860263,-0.0316877029836178,0.00817008223384619
0.36899995803833,4.45005178451538,1.52721905708313,8.44666385650635,-0.00641389610245824,-0.0388651564717293,-0.000610847258940339
0.409999847412109,4.46111869812012,1.52303159236908,8.43978500366211,-0.0274117700755596,-0.0293970238417387,-0.00572669319808483
0.450999975204468,4.47158718109131,1.5158531665802,8.41884708404541,-0.0290916003286839,-0.00458135455846786,-0.0102316914126277
0.491999864578247,4.46740007400513,1.5227324962616,8.43230724334717,-0.0287098214030266,0.0102316914126277,-0.0111479628831148
0.532999992370605,4.46052074432373,1.53948223590851,8.49182891845703,-0.0205397382378578,-0.00702474359422922,-0.00946813262999058
0.573999881744385,4.46440887451172,1.53948223590851,8.52443027496338,0.00427593104541302,-0.0218377895653248,-0.00946813262999058
0.615000009536743,4.47846651077271,1.5412769317627,8.51127052307129,0.0274881273508072,-0.0110716065391898,-0.0137440636754036
0.655999898910522,4.48355150222778,1.55772757530212,8.48106098175049,0.0313059203326702,-0.00519220158457756,-0.0120642334222794
0.696999788284302,4.47936391830444,1.58494591712952,8.47448062896729,0.0105371149256825,-0.0226013492792845,-0.00534491334110498
0.73799991607666,4.47098922729492,1.58614230155945,8.45324420928955,0.0358872748911381,-0.0339783802628517,-0.00580304907634854
0.778999805450439,4.45962333679199,1.58883428573608,8.4403829574585,0.0495549850165844,-0.0766613334417343,0.0177145712077618
0.819999933242798,4.45184659957886,1.60169565677643,8.47567653656006,0.0215323660522699,-0.193944007158279,0.0381015986204147
0.860999822616577,4.47936391830444,1.59840548038483,8.49242687225342,0.0321458354592323,-0.320007622241974,0.053143709897995
0.901999950408936,4.58943367004395,1.61276245117188,8.47268581390381,0.0388651564717293,-0.378038108348846,0.0681858286261559
0.942999839782715,4.78564548492432,1.65344047546387,8.41794967651367,0.0637571811676025,-0.386360883712769,0.0733780264854431
0.983999967575073,5.04556560516357,1.70638167858124,8.38205814361572,0.121176823973656,-0.461495101451874,0.0410031229257584
1.02499985694885,5.32044124603271,1.76650130748749,8.38684368133545,0.169433757662773,-0.677505970001221,-0.0348946489393711
1.06599998474121,5.59531688690186,1.84037971496582,8.30788040161133,0.202037736773491,-0.866715908050537,-0.139807671308517
1.10699987411499,5.8791651725769,1.99441766738892,8.05842876434326,0.248843908309937,-0.878245651721954,-0.21410197019577
1.14800000190735,6.12173748016357,2.26749849319458,7.70100069046021,0.334057092666626,-0.747447967529297,-0.235099837183952
1.18899989128113,6.26769971847534,2.58544492721558,7.4934229850769,0.413925379514694,-0.654599189758301,-0.263275176286697
1.22999978065491,6.2871413230896,2.82951283454895,7.41924571990967,0.546860992908478,-0.657347977161407,-0.30259844660759
1.27099990844727,6.21266508102417,2.99910402297974,7.25264549255371,0.757603287696838,-0.636960983276367,-0.268849164247513
1.31199979782104,6.11665296554565,3.1435706615448,6.97059154510498,0.903214037418365,-0.547548234462738,-0.185544848442078
1.3529999256134,6.06101989746094,3.27667140960693,6.66700220108032,0.876107692718506,-0.475010097026825,-0.0857476815581322
1.39399981498718,6.12024211883545,3.29790782928467,6.47886657714844,0.57641077041626,-0.404304534196854,0.0201579593122005
1.43499994277954,6.27517747879028,3.0251259803772,6.37836790084839,0.282593220472336,-0.235099837183952,0.0494022704660892
1.47599983215332,6.43818855285645,2.54566407203674,6.20488834381104,0.367119193077087,-0.0123696569353342,0.0308477859944105
1.51699995994568,6.5578293800354,2.19661116600037,6.02183723449707,0.476155430078506,0.131866648793221,0.0132095720618963
1.55799984931946,6.63619470596313,2.18195509910583,5.83430004119873,0.466381877660751,0.161416381597519,0.0196998249739408
1.59899997711182,6.69362211227417,2.43260335922241,5.57946443557739,0.363759547472,0.1282779276371,0.0382543094456196
1.6399998664856,6.76750087738037,2.79451775550842,5.3243293762207,0.200968742370605,0.103538610041142,0.048333290964365
1.68099999427795,6.88115978240967,3.17587375640869,5.17567539215088,0.0204633828252554,0.100408017635345,0.0775775983929634
1.72199988365173,6.9990062713623,3.50369048118591,5.16969347000122,-0.113693945109844,0.0926960706710815,0.104225814342499
1.76300001144409,7.09531736373901,3.74357104301453,5.26570510864258,-0.217614337801933,0.102927766740322,0.108959883451462
1.80399990081787,7.16141891479492,3.89401984214783,5.40060091018677,-0.309699565172195,0.144999861717224,0.105676576495171
1.84499979019165,7.17966413497925,3.93679141998291,5.57258462905884,-0.34841200709343,0.156529605388641,0.0801737010478973
1.88599991798401,7.1428747177124,3.85962295532227,5.78195667266846,-0.344059705734253,0.129957750439644,-0.00335966004058719
1.92699980735779,7.05882692337036,3.77856612205505,5.93091011047363,-0.313822776079178,0.11231953650713,-0.0704765021800995
1.96799993515015,6.92602491378784,3.77288317680359,5.9994044303894,-0.28213506937027,0.117282673716545,-0.0853659063577652
2.00899982452393,6.77318382263184,3.81595396995544,6.0568323135376,-0.261137217283249,0.125223681330681,-0.0571905747056007
2.04999995231628,6.63350248336792,3.86680150032043,6.13071060180664,-0.23067119717598,0.10750912129879,-0.00977355614304543
2.09099984169006,6.52522754669189,3.87457799911499,6.22283458709717,-0.218912392854691,0.091321662068367,0.0377961732447147
2.13199996948242,6.47049140930176,3.79441857337952,6.33499813079834,-0.19241689145565,0.0915507301688194,0.0660478621721268
2.1729998588562,6.47647380828857,3.61764883995056,6.45972394943237,-0.146603345870972,0.0749051421880722,0.0845259875059128
2.21399998664856,6.53988361358643,3.38016104698181,6.54825830459595,-0.0429883748292923,0.0735307410359383,0.0974301397800446
2.25499987602234,6.62393140792847,3.13519597053528,6.56590557098389,0.0981173440814018,0.0630699768662453,0.0971247106790543
2.2960000038147,6.67986345291138,2.9946174621582,6.5081787109375,0.172487989068031,0.0254265163093805,0.104302167892456
2.33699989318848,6.71336317062378,3.02213501930237,6.42592525482178,0.143243685364723,-0.0445918515324593,0.141487494111061
2.37799978256226,6.75045156478882,3.09182596206665,6.34845781326294,0.0716981962323189,-0.0943759009242058,0.138585969805717
2.41899991035461,6.81206703186035,3.11904430389404,6.25334310531616,0.0344365127384663,-0.0644443854689598,0.10025530308485
2.45999979972839,6.87487840652466,3.12083888053894,6.19980335235596,0.0366508364677429,-0.00862821750342846,0.0615428611636162
2.50099992752075,6.91017246246338,3.08554482460022,6.2443699836731,0.0278699062764645,0.0165692325681448,0.00733016710728407
2.54199981689453,6.91645383834839,3.0352954864502,6.29940462112427,0.00419957470148802,0.0313059203326702,-0.0403159186244011
2.58299994468689,6.91286468505859,3.01854586601257,6.32871675491333,-0.0292443130165339,0.067727692425251,-0.0453554093837738
2.62399983406067,6.88594532012939,3.00388979911804,6.33589506149292,-0.0148130459710956,0.0850604772567749,-0.01611109636724
2.66499996185303,6.83001327514648,2.99013090133667,6.35623407363892,0.00870457384735346,0.0308477859944105,0.0117588099092245
2.70599985122681,6.77079057693481,3.00209522247314,6.37896585464478,0.0306950751692057,-0.0464243926107883,0.0232121963053942
2.74699997901917,6.74088048934937,3.0317063331604,6.37687253952026,0.027640838176012,-0.107661828398705,0.0257319416850805
2.78799986839294,6.75134897232056,3.04127764701843,6.35623407363892,-0.0242811776697636,-0.109494373202324,-0.00878092925995588
2.8289999961853,6.79083061218262,3.0266215801239,6.30867671966553,-0.0606265887618065,-0.0303132943809032,-0.0302369389683008
2.86999988555908,6.81206703186035,2.99342107772827,6.26141881942749,-0.0335965976119041,0.0496313385665417,-0.0275644827634096
2.91100001335144,6.78215646743774,2.9964120388031,6.28534698486328,0.00649025198072195,0.0458135455846786,-0.0117588099092245
2.95199990272522,6.73430013656616,3.05742907524109,6.38255548477173,0.00977355614304543,-0.0516929477453232,0.0257319416850805
2.992999792099,6.73729133605957,3.09631252288818,6.44746065139771,0.0137440636754036,-0.140571221709251,0.0269536357372999
3.03399991989136,6.83420038223267,3.10049986839294,6.4677996635437,0.033367533236742,-0.196311041712761,0.00526855746284127
3.07499980926514,6.96012306213379,3.08853578567505,6.4710898399353,0.0740652307868004,-0.276942878961563,-0.039476003497839
3.1159999370575,7.11775016784668,3.1585259437561,6.50070095062256,0.116671822965145,-0.465465605258942,-0.0838387832045555
3.15699982643127,7.34746122360229,3.35025072097778,6.56979370117188,0.168288424611092,-0.851750135421753,-0.132019370794296
3.19799995422363,7.68903636932373,3.64815711975098,6.59372186660767,0.279844403266907,-1.47359263896942,-0.201732307672501
3.23899984359741,8.12542724609375,4.01485729217529,6.40468883514404,0.410260289907455,-2.16522455215454,-0.330697447061539
3.27999997138977,8.54776096343994,4.39800786972046,5.84955406188965,0.472948491573334,-2.65390229225159,-0.514715194702148
3.32099986076355,8.8681001663208,4.78893518447876,4.96570539474487,0.432327151298523,-2.96192193031311,-0.681094706058502
3.36199998855591,8.98863792419434,5.1445689201355,3.92632293701172,0.289465248584747,-3.3454577922821,-0.833501100540161
3.40299987792969,8.8444709777832,5.41914510726929,2.69013094902039,0.101018868386745,-3.65179753303528,-1.0078216791153
3.44400000572205,8.54805946350098,5.68056106567383,1.3061820268631,-0.0841442123055458,-3.76656055450439,-1.09089684486389
3.48499989509583,8.27677345275879,5.93719100952148,-0.0487537607550621,-0.511508226394653,-3.76656055450439,-0.961778998374939
3.5259997844696,7.85414123535156,5.94825792312622,-1.47966170310974,-0.737979829311371,-3.4014265537262,-1.01576268672943
3.56699991226196,7.24785995483398,5.98325300216675,-2.642573595047,-0.810976088047028,-3.26123714447021,-1.0941801071167
3.60799980163574,6.52313375473022,6.21475839614868,-3.4546377658844,-0.82807981967926,-3.5516951084137,-1.0996013879776
3.6489999294281,5.63719081878662,6.49172782897949,-4.35762929916382,-0.720876097679138,-3.78679490089417,-1.21780037879944
3.68999981880188,4.66510677337646,6.94068098068237,-5.41047096252441,-0.537774682044983,-3.91728711128235,-1.37539899349213
3.73099994659424,3.72562479972839,7.64506816864014,-6.30119943618774,-0.502116441726685,-3.95386171340942,-1.41586756706238
3.77199983596802,2.69820666313171,8.39731216430664,-7.00558662414551,-0.611305415630341,-3.82886695861816,-1.38669967651367
3.81299996376038,1.52991092205048,8.91715240478516,-7.3205418586731,-0.739736020565033,-3.77182912826538,-1.3847907781601
3.85399985313416,0.270987153053284,9.08315467834473,-7.20718193054199,-0.837853372097015,-3.79840087890625,-1.49405598640442
3.89499998092651,-1.04027962684631,8.9213399887085,-6.80907583236694,-1.03836393356323,-3.93309283256531,-1.705561876297
3.93599987030029,-2.36919355392456,8.61416149139404,-6.11874675750732,-1.32393503189087,-4.10474109649658,-1.98197031021118
3.97699999809265,-3.76391005516052,8.21695327758789,-5.23250484466553,-1.47870850563049,-4.33449602127075,-2.35825228691101
4.01799988746643,-5.04317283630371,7.70040225982666,-4.25204563140869,-1.51123607158661,-4.49102544784546,-2.66848635673523
4.05900001525879,-6.02034187316895,7.08724164962769,-3.13370037078857,-1.66379523277283,-4.39542770385742,-2.7901976108551
4.09999990463257,-6.52343273162842,6.44955444335938,-1.81884431838989,-1.77275514602661,-3.97783732414246,-2.70903134346008
4.14099979400635,-6.50040197372437,5.78524684906006,-0.45882374048233,-1.62325024604797,-3.18846988677979,-2.37092733383179
4.18199992179871,-6.05264472961426,5.13918495178223,0.943968534469604,-1.30370080471039,-2.14674639701843,-1.66486418247223
4.22299981117249,-5.58424997329712,4.42313241958618,2.41136693954468,-0.680712938308716,-1.22093093395233,-0.899396240711212
4.26399993896484,-5.50648307800293,3.53330183029175,4.00827693939209,-0.0184781290590763,-0.928716897964478,-0.502116441726685
4.30499982833862,-5.77388095855713,2.7508487701416,5.39820766448975,0.291374146938324,-1.28384828567505,-0.473941117525101
4.34599995613098,-6.00867652893066,2.37846565246582,6.10379123687744,0.158285796642303,-1.67020916938782,-0.503872632980347
4.38699984550476,-5.84626388549805,2.38743877410889,6.24107980728149,-0.227616965770721,-1.63623070716858,-0.212040349841118
4.42799997329712,-5.2175498008728,2.48614263534546,6.20339250564575,-0.343143433332443,-1.04500699043274,0.400715798139572
4.4689998626709,-4.55413961410522,2.29142689704895,6.6185474395752,-0.13011047244072,-0.520136415958405,0.913445711135864
4.50999999046326,-4.21585416793823,1.9692929983139,7.49850797653198,0.0355818532407284,-0.885423123836517,1.02118384838104
4.55099987983704,-3.96700072288513,1.76859498023987,7.9989070892334,-0.053449135273695,-1.26575183868408,0.903214037418365
4.59200000762939,-3.5814573764801,1.56789708137512,7.91485929489136,-0.212040349841118,-0.884888589382172,0.711484372615814
4.63299989700317,-3.22642230987549,1.35194480419159,7.924729347229,-0.226318910717964,-0.443016976118088,0.478980600833893
4.67399978637695,-3.08195567131042,1.16709923744202,8.37458038330078,-0.137516990303993,-0.58213746547699,0.207688063383102
4.71499991416931,-2.97308206558228,1.09052896499634,8.77388286590576,-0.0617719292640686,-0.79707932472229,0.0392469353973866
4.75599980354309,-2.69940304756165,1.19222390651703,8.86660385131836,-0.00114533863961697,-0.68926477432251,0.118351653218269
4.79699993133545,-2.3584258556366,1.40159583091736,8.86211776733398,0.0952921733260155,-0.493564575910568,0.303056597709656
4.83799982070923,-2.0775682926178,1.65583324432373,8.91655445098877,0.101247936487198,-0.438359260559082,0.476155430078506
4.87899994850159,-1.86400878429413,1.84935283660889,8.93420124053955,0.0642153173685074,-0.411863774061203,0.561368644237518
4.91999983787537,-1.62203466892242,1.98933291435242,8.91266632080078,0.08582404255867,-0.292824894189835,0.523267030715942
4.96099996566772,-1.40997076034546,2.10239386558533,8.92552757263184,0.135608091950417,-0.191729679703712,0.375289291143417
5.0019998550415,-1.26789689064026,2.28035998344421,8.94347381591797,0.124001994729042,-0.173938751220703,0.18760646879673
5.04299998283386,-1.14825582504272,2.52622246742249,8.89412212371826,0.0460426136851311,-0.140723943710327,0.0421484597027302
5.08399987220764,-1.09232354164124,2.73828649520874,8.89531803131104,0.00763559062033892,-0.143701821565628,-0.0366508364677429
5.125,-1.06929266452789,2.94586372375488,8.96979522705078,0.0329857505857944,-0.158362150192261,-0.037490751594305
5.16599988937378,-1.05702936649323,3.05174612998962,9.00449085235596,0.0781884491443634,-0.177756547927856,0.00794101413339376
5.20700001716614,-1.02592265605927,3.10199546813965,9.03679370880127,0.0894891247153282,-0.174549609422684,0.068720318377018
5.24799990653992,-0.987338423728943,3.11485695838928,9.00449085235596,0.0520747303962708,-0.115221060812473,0.107280053198338
5.2889997959137,-0.940977513790131,3.07687091827393,8.96889781951904,-0.0383306667208672,-0.0658187940716743,0.139807671308517
5.32999992370605,-0.924825966358185,2.95573425292969,8.99222755432129,-0.134691819548607,0.00824643764644861,0.112701319158077
5.37099981307983,-0.96370929479599,2.76251363754272,9.09063243865967,-0.123314790427685,-0.029931515455246,0.0347419381141663
5.41199994087219,-1.02831554412842,2.61924338340759,9.21685409545898,-0.0213796533644199,-0.0833042934536934,-0.0314586348831654
5.45299983024597,-1.04416799545288,2.6204400062561,9.27218818664551,0.0794864967465401,-0.0800973474979401,0.0156529601663351
5.49399995803833,-1.00169539451599,2.71705007553101,9.23480033874512,0.118428014218807,-0.0453554093837738,0.141487494111061
5.53499984741211,-0.925424158573151,2.82592344284058,9.16540813446045,0.113999366760254,-0.0133622838184237,0.232427388429642
5.57599997520447,-0.829412162303925,2.88694047927856,9.12024307250977,0.0884964987635612,-0.0316113457083702,0.264420509338379
5.61699986457825,-0.708574593067169,2.90937328338623,9.11635494232178,0.027640838176012,-0.0548998974263668,0.239910259842873
5.65799999237061,-0.595513761043549,2.90428853034973,9.10738182067871,-0.0030542362947017,-0.035658210515976,0.188140958547592
5.69899988174438,-0.477368116378784,2.87736916542053,9.08973503112793,0.0141258426010609,-0.0189362652599812,0.160423755645752
5.74000000953674,-0.31316065788269,2.86809706687927,9.05832958221436,0.0423775278031826,0.00320694805122912,0.200205191969872
5.78099989891052,-0.148355007171631,2.872882604599,8.99521827697754,0.0489441379904747,0.121482245624065,0.269001871347427
5.8219997882843,-0.116949208080769,2.89710998535156,8.99312496185303,0.0545944720506668,0.250523746013641,0.264344155788422
5.86299991607666,-0.259920358657837,2.88095855712891,9.1019983291626,0.0492495596408844,0.23067119717598,0.150955632328987
5.90399980545044,-0.494117885828018,2.86510610580444,9.15972518920898,0.0958266630768776,0.181192561984062,-0.0220668576657772
5.9449999332428,-0.751944541931152,2.9183464050293,9.13280582427979,0.105142086744308,0.126521736383438,-0.178520113229752
5.98599982261658,-0.951446115970612,3.04965257644653,9.10798072814941,0.0455081202089787,0.0287098214030266,-0.227769672870636
6.02699995040894,-1.08514511585236,3.19112801551819,9.06730270385742,-0.0293206684291363,0.0393996499478817,-0.208757057785988
6.06799983978271,-1.18444716930389,3.27098846435547,9.04636478424072,-0.0264954995363951,0.0328330397605896,-0.141487494111061
6.10899996757507,-1.25772738456726,3.31316208839417,9.08016395568848,0.0124460132792592,-0.00389415118843317,-0.0618482865393162
6.14999985694885,-1.2975081205368,3.32542538642883,9.11485958099365,0.0415376126766205,-0.0454317666590214,0.0173327904194593
6.19099998474121,-1.3010972738266,3.31047010421753,9.11575698852539,0.0313822776079178,-0.0668877735733986,0.0662005692720413
6.23199987411499,-1.27357983589172,3.2838499546051,9.10020351409912,0.0226013492792845,-0.0853659063577652,0.100637085735798
6.27300000190735,-1.20807635784149,3.24287295341492,9.09751129150391,0.0293970238417387,-0.110945135354996,0.128812417387962
6.31399989128113,-1.09262263774872,3.20668148994446,9.11156940460205,0.0512348152697086,-0.125834539532661,0.144007235765457
6.35499978065491,-0.950548768043518,3.16660165786743,9.08883762359619,0.068720318377018,-0.117359027266502,0.14301460981369
6.39599990844727,-0.806082129478455,3.14835643768311,9.041579246521,0.067727692425251,-0.0963611528277397,0.126827165484428
6.43699979782104,-0.674775958061218,3.14835643768311,9.00837898254395,0.063986249268055,-0.0782648026943207,0.0986518338322639
6.4779999256134,-0.586839735507965,3.15254378318787,8.99701309204102,0.0609320141375065,-0.0419193916022778,0.0447445623576641
6.51899981498718,-0.534197628498077,3.18245410919189,9.0179500579834,0.0829988718032837,-0.049325916916132,0.00320694805122912
6.55999994277954,-0.485144793987274,3.24257373809814,9.02303504943848,0.107890896499157,-0.0477987974882126,-0.00664296373724937
6.60099983215332,-0.397208571434021,3.31824684143066,9.00299549102783,0.0961320847272873,-0.038177952170372,0.0167982988059521
6.64199995994568,-0.267397940158844,3.40498661994934,8.92911720275879,0.123391143977642,0.0270299911499023,0.0775012448430061
6.68299984931946,-0.220438793301582,3.46181607246399,8.817551612854,0.0946813225746155,0.219141453504562,0.0729198902845383
6.72399997711182,-0.326919406652451,3.49411916732788,8.81575679779053,0.0332148186862469,0.209367901086807,0.0139731308445334
6.7649998664856,-0.500997245311737,3.54885506629944,8.87168884277344,0.0110716065391898,0.124460130929947,-0.0204633828252554
6.80599999427795,-0.648754060268402,3.61675143241882,8.88155937194824,-0.00259610079228878,0.12797249853611,-0.0148894023150206
6.84699988365173,-0.762113988399506,3.68554496765137,8.87976455688477,-0.00565033731982112,0.142556473612785,0.0321458354592323
6.88800001144409,-0.895513892173767,3.7049868106842,8.88784027099609,-0.00595576083287597,0.134539112448692,0.0639098957180977
6.92899990081787,-1.01365947723389,3.69272351264954,8.92672443389893,-0.0159583855420351,0.0904817506670952,0.0772721767425537
6.96999979019165,-1.07647109031677,3.66101861000061,8.93240737915039,-0.023364907130599,0.0711637064814568,0.0867403075098991
7.01099991798401,-1.10847508907318,3.61944341659546,8.94496917724609,-0.018096350133419,0.0616192184388638,0.102622337639332
7.05199980735779,-1.10757780075073,3.60718011856079,8.95962524414062,0.00450499868020415,0.0599393881857395,0.122627586126328
7.09299993515015,-1.1234302520752,3.57876539230347,8.95005416870117,0.0136677073314786,0.0446682050824165,0.114839285612106
7.13399982452393,-1.13330066204071,3.56710028648376,8.9647102355957,0.017943637445569,-0.00946813262999058,0.110486999154091
7.17499995231628,-1.11415803432465,3.57368063926697,8.9581298828125,0.0171800795942545,-0.0130568603053689,0.0927724242210388
7.21599984169006,-1.07976126670837,3.58055996894836,8.9515495300293,0.0370326153934002,-0.046729814261198,0.0733780264854431
7.25699996948242,-1.02083790302277,3.60209536552429,8.93210792541504,0.0358109213411808,-0.049325916916132,0.0625354871153831
7.2979998588562,-0.957129061222076,3.61376047134399,8.90249633789062,0.00167983002029359,-0.0285571087151766,0.0400868505239487
7.33899998664856,-0.888335406780243,3.62004160881042,8.89352321624756,0.00519220158457756,-0.0583359114825726,0.0366508364677429
7.37999987602234,-0.826122045516968,3.61944341659546,8.88036346435547,0.0122933015227318,-0.0174855031073093,0.00984991248697042
7.4210000038147,-0.779162883758545,3.62871551513672,8.88455009460449,0.024510245770216,-0.0374143943190575,-0.000534491380676627
7.46199989318848,-0.741176843643188,3.65025091171265,8.87677383422852,0.00862821750342846,-0.0271827038377523,-0.00183254177682102
7.50299978256226,-0.713360249996185,3.66341137886047,8.8648099899292,-0.00649025198072195,-0.004810422193259,0.00710109947249293
7.54399991035461,-0.696311414241791,3.65713024139404,8.88155937194824,0.00290152453817427,-0.00763559062033892,0.0176382139325142
7.58499979972839,-0.67657059431076,3.63589406013489,8.88903713226318,0.0204633828252554,-0.00198525353334844,0.0224486365914345
7.62599992752075,-0.672682285308838,3.61525583267212,8.88694286346436,0.0232121963053942,0.0132095720618963,0.0184781290590763
7.66699981689453,-0.684945464134216,3.60568451881409,8.89621543884277,0.0300078708678484,0.0135913519188762,0.0103844031691551
7.70799994468689,-0.692722141742706,3.61047029495239,8.8911304473877,0.0316877029836178,0.0231358390301466,-0.000763559073675424
7.74899983406067,-0.718445003032684,3.61525583267212,8.8917293548584,0.0148130459710956,0.0208451636135578,-0.0112243182957172
7.78999996185303,-0.731306433677673,3.62991189956665,8.9108715057373,0.0134386401623487,0.0108425384387374,-0.00572669319808483
7.83099985122681,-0.742971420288086,3.64277338981628,8.89561748504639,0.039476003497839,0.0341310910880566,-0.0034360159188509
7.87199997901917,-0.776470959186554,3.66520619392395,8.874680519104,0.0494786277413368,0.0279462616890669,-0.00671932008117437
7.91299986839294,-0.81445699930191,3.71216511726379,8.85972499847412,0.038177952170372,0.0146603342145681,-0.0117588099092245
7.9539999961853,-0.842572689056396,3.75852608680725,8.837890625,0.0147366905584931,0.0278699062764645,-0.00786465872079134
7.99499988555908,-0.874875783920288,3.78365087509155,8.83759117126465,0.00794101413339376,0.0250447373837233,-0.00923906452953815
8.03600001335144,-0.898205816745758,3.80488705635071,8.84985446929932,0.0188599098473787,0.000458135444205254,-0.00221432140097022
8.07699990272522,-0.912562727928162,3.81864595413208,8.84357357025146,0.0298551600426435,0.0128277922049165,0.00236703315749764
8.117999792099,-0.920638501644135,3.82642245292664,8.83908653259277,0.017943637445569,0.00641389610245824,0.00190889765508473
8.15899991989136,-0.921834945678711,3.8321053981781,8.82742214202881,-0.00267245667055249,-0.0013744062744081,0.00916270911693573
8.19999980926514,-0.921834945678711,3.81834673881531,8.80798053741455,-0.00435228692367673,0.00282516865991056,0.00381779531016946
8.2409999370575,-0.928415179252625,3.79382038116455,8.80319404602051,-0.00206160941161215,-0.00839914940297604,-0.00610847258940339
8.28199982643127,-0.936191856861115,3.77796792984009,8.81037330627441,-0.00664296373724937,-0.0111479628831148,-0.0145839778706431
8.32299995422363,-0.934098124504089,3.78574442863464,8.81575679779053,-0.00511584570631385,-0.00664296373724937,-0.0116824535652995
8.36399984359741,-0.939182877540588,3.80010151863098,8.82562732696533,-0.00717745535075665,-0.0158056728541851,-0.00206160941161215
8.40499997138977,-0.921834945678711,3.82223510742188,8.82772064208984,-0.0148894023150206,-0.0148130459710956,0.0196234676986933
8.44599986076355,-0.897607564926147,3.82582426071167,8.81276607513428,-0.0213796533644199,0.00160347402561456,0.0375671051442623
8.48699998855591,-0.875174880027771,3.81565475463867,8.82293510437012,-0.0226013492792845,-0.0061848284676671,0.0525328628718853
8.52799987792969,-0.845264613628387,3.80069971084595,8.82772064208984,-0.033367533236742,0.00794101413339376,0.058870404958725
8.56900000572205,-0.816251635551453,3.77138757705688,8.83519840240479,-0.0376434624195099,0.0159583855420351,0.0610847249627113
8.60999989509583,-0.794716238975525,3.72472763061523,8.87168884277344,-0.0395523607730865,0.00404686294496059,0.0401632077991962
8.6509997844696,-0.778564691543579,3.67029094696045,8.91176891326904,-0.0184781290590763,-0.00519220158457756,0.00152711814735085
8.69199991226196,-0.758225679397583,3.64097881317139,8.91146945953369,0.0288625322282314,-0.0122169451788068,-0.0100026242434978
8.73299980163574,-0.744466960430145,3.64008140563965,8.87019348144531,0.0306950751692057,0.00939177628606558,-0.00267245667055249
8.7739999294281,-0.751346290111542,3.62692093849182,8.8504524230957,0.00145076226908714,0.0212269425392151,-0.0125987250357866
8.81499981880188,-0.763908624649048,3.61824703216553,8.86839866638184,0.0061848284676671,0.0103080477565527,-0.0189362652599812
8.85599994659424,-0.798006355762482,3.62392997741699,8.88096141815186,0.0376434624195099,0.0279462616890669,-0.0300078708678484
8.89699983596802,-0.838385224342346,3.64516615867615,8.90488910675049,0.053754560649395,0.009620844386518,-0.0358109213411808
8.93799996376038,-0.859621524810791,3.6849467754364,8.89591598510742,0.0568087957799435,0.00878092925995588,-0.0313059203326702
8.97899985313416,-0.862313449382782,3.72173643112183,8.84746170043945,0.0696365907788277,0.0331384651362896,-0.0208451636135578
9.01999998092651,-0.871286571025848,3.73938369750977,8.83549785614014,0.0974301397800446,0.0377961732447147,-0.0213796533644199
9.06099987030029,-0.887737214565277,3.76211547851562,8.83759117126465,0.125147327780724,0.0291679557412863,-0.0142021989449859
9.10199999809265,-0.897308468818665,3.80937361717224,8.80199813842773,0.123696573078632,0.0452790521085262,0.00900999736040831
9.14299988746643,-0.898504912853241,3.87397980690002,8.76161956787109,0.126521736383438,0.0369562581181526,0.0607793033123016
9.18400001525879,-0.889531791210175,3.93888521194458,8.73529815673828,0.127743437886238,0.0721563324332237,0.10628741979599
9.22499990463257,-0.89581298828125,3.96221518516541,8.74935626983643,0.106745555996895,0.10598199814558,0.113006740808487
9.26599979400635,-0.911067247390747,3.96101880073547,8.79033279418945,0.0996444597840309,0.0560452342033386,0.106211066246033
9.30699992179871,-0.932303547859192,3.95832681655884,8.7906322479248,0.100637085735798,0.0197761803865433,0.0587176941335201
9.34799981117249,-0.941874802112579,3.99302268028259,8.75832939147949,0.0871220901608467,-0.0167982988059521,0.00465771043673158
9.38899993896484,-0.92901337146759,4.07168674468994,8.69641494750977,0.0557398125529289,-0.00817008223384619,-0.0335965976119041
9.42999982833862,-0.927816987037659,4.15334177017212,8.63210773468018,0.0196234676986933,0.0100026242434978,-0.0626882016658783
9.47099995613098,-0.940977513790131,4.22243452072144,8.60488891601562,0.00412321882322431,-0.004810422193259,-0.0589467622339725
9.51199984550476,-0.956231772899628,4.27776861190796,8.60189819335938,0.0204633828252554,-0.0117588099092245,-0.0286334659904242
9.55299997329712,-0.948455095291138,4.34058046340942,8.59053230285645,0.053143709897995,-0.004810422193259,0.0313822776079178
9.5939998626709,-0.926620543003082,4.40578460693359,8.52981472015381,0.0545181185007095,0.0388651564717293,0.0859003961086273
9.63499999046326,-0.928116083145142,4.42821741104126,8.51635456085205,0.01611109636724,0.0508530326187611,0.0971247106790543
9.67599987983704,-0.94606226682663,4.41834688186646,8.5501537322998,-0.0119878770783544,0.024510245770216,0.0662005692720413
9.71700000762939,-0.943370342254639,4.41176652908325,8.55045223236084,-0.0242811776697636,0.0190126206725836,0.0259610079228878
9.75799989700317,-0.9212366938591,4.40997219085693,8.54207801818848,-0.0648261681199074,0.0262664314359426,0.0125223686918616
9.79899978637695,-0.898504912853241,4.40189647674561,8.56151962280273,-0.107432760298252,0.037185326218605,0.0275644827634096
9.83999991416931,-0.865603566169739,4.36959314346313,8.56600570678711,-0.0805554836988449,0.0538309141993523,0.0774248912930489
9.88099980354309,-0.842871785163879,4.32293319702148,8.54716205596924,-0.0451263412833214,0.107280053198338,0.131484866142273
9.92199993133545,-0.851545751094818,4.2619161605835,8.56122016906738,-0.0552816763520241,0.10117157548666,0.133088350296021
9.96299982070923,-0.876371264457703,4.1751766204834,8.58215713500977,-0.0902526825666428,0.102851405739784,0.0742942988872528
10.0039999485016,-0.933499932289124,4.06809759140015,8.60877799987793,-0.11865708231926,0.136677071452141,-0.0261900760233402
10.0449998378754,-1.03669035434723,3.96311259269714,8.67099094390869,-0.1078145429492,0.0921615809202194,-0.0995681062340736
10.0859999656677,-1.15184497833252,3.87786817550659,8.72782039642334,-0.0846787020564079,0.0597103200852871,-0.131866648793221
10.1269998550415,-1.24815607070923,3.82941365242004,8.76879787445068,-0.0610847249627113,0.0539836250245571,-0.118733435869217
10.1679999828339,-1.34207439422607,3.80159687995911,8.79392242431641,-0.0209215190261602,0.0632226914167404,-0.0818535313010216
10.2089998722076,-1.43150615692139,3.79232478141785,8.80738162994385,0.0157293174415827,0.0607029460370541,-0.0300078708678484
10.25,-1.48235368728638,3.8168511390686,8.79571723937988,0.0163401644676924,0.0558161698281765,0.0408504121005535
10.2909998893738,-1.49581325054169,3.8371901512146,8.7906322479248,-0.00236703315749764,0.0577250644564629,0.111632339656353
10.3320000171661,-1.45543432235718,3.86052012443542,8.77896690368652,0.0281753297895193,0.0766613334417343,0.179436385631561
10.3729999065399,-1.38364970684052,3.89372062683105,8.73380279541016,0.0579541325569153,0.128430634737015,0.21952323615551
10.4139997959137,-1.34446728229523,3.90867567062378,8.70299530029297,0.0609320141375065,0.122169449925423,0.220821291208267
10.4549999237061,-1.28434753417969,3.95413947105408,8.65753173828125,0.0532200671732426,0.136142581701279,0.243269920349121
10.4959998130798,-1.18863463401794,3.99152731895447,8.5639123916626,0.00465771043673158,0.242200940847397,0.268696427345276
10.5369999408722,-1.08993077278137,3.92871570587158,8.41645431518555,-0.0285571087151766,0.381321400403976,0.367806404829025
10.577999830246,-1.12043917179108,3.70887517929077,8.26181793212891,-0.142480120062828,0.69499146938324,0.460273414850235
10.6189999580383,-1.3127623796463,3.50907444953918,8.33360290527344,-0.109876148402691,0.728664398193359,0.472795784473419
10.6599998474121,-1.62951219081879,3.36251401901245,8.59113025665283,-0.0396287143230438,0.58771139383316,0.360018104314804
10.7009999752045,-1.95433783531189,3.2925238609314,8.86570739746094,0.0633754059672356,0.423317164182663,0.129423260688782
10.7419998645782,-2.06859517097473,3.47587394714355,8.88365364074707,0.274346768856049,0.284273028373718,0.0507003217935562
10.7829999923706,-2.13529515266418,3.74506664276123,8.54506874084473,0.384757429361343,0.446376621723175,0.0363454110920429
10.8239998817444,-2.20229411125183,4.05912446975708,8.16909694671631,0.379717916250229,0.581526577472687,0.124536484479904
10.8650000095367,-2.27078866958618,4.3190450668335,7.82333374023438,0.257701188325882,0.696594953536987,0.279768049716949
10.9059998989105,-2.3500509262085,4.4189453125,7.50090074539185,0.0225249920040369,0.879314601421356,0.431105464696884
10.9469997882843,-2.50618267059326,4.33429908752441,7.20179796218872,-0.169739186763763,1.07211327552795,0.520212769508362
10.9879999160767,-2.67607307434082,4.17487716674805,6.82791948318481,-0.312066584825516,1.34623098373413,0.606953084468842
11.0289998054504,-2.90668129920959,4.02921438217163,6.56919527053833,-0.515707790851593,1.59858727455139,0.722250521183014
11.0699999332428,-3.20997166633606,3.98644256591797,6.64815855026245,-0.507003247737885,1.46633887290955,0.900694310665131
11.1109998226166,-3.4444682598114,4.01186609268188,6.75613451004028,-0.381245046854019,1.26720261573792,1.130983710289
11.1519999504089,-3.65563488006592,4.05045032501221,6.69691228866577,-0.225478991866112,1.3847907781601,1.25773453712463
11.1929998397827,-3.8877387046814,4.15603399276733,6.56650352478027,0.143090963363647,1.55094122886658,1.1785534620285
11.2339999675751,-3.96161699295044,4.45573472976685,6.46540689468384,0.409802168607712,1.3156886100769,1.26987504959106
11.2749998569489,-4.0348973274231,4.82393026351929,6.0466628074646,0.885270416736603,1.41449320316315,1.09013330936432
11.3159999847412,-4.19491720199585,5.19900560379028,5.60279417037964,1.05844557285309,1.49680483341217,0.825560092926025
11.356999874115,-4.27298307418823,5.65005254745483,5.13320255279541,1.12342441082001,1.3460019826889,0.68659234046936
11.3980000019073,-4.34626340866089,6.19501781463623,4.61635303497314,1.04546511173248,1.35898244380951,0.577556073665619
11.4389998912811,-4.36630296707153,6.74387168884277,4.01754903793335,0.808150947093964,1.56033301353455,0.566026329994202
11.4799997806549,-4.27358102798462,7.32173824310303,3.38554501533508,0.861065566539764,1.70296585559845,0.646581828594208
11.5209999084473,-4.21166706085205,7.75543737411499,2.93689060211182,1.07951986789703,1.70411109924316,0.70461231470108
11.561999797821,-4.33519649505615,7.94417095184326,2.07038974761963,1.5229948759079,1.52131509780884,0.711331605911255
11.6029999256134,-4.5188455581665,8.3832540512085,1.8559330701828,1.4182345867157,0.886644780635834,0.948951244354248
11.6439998149872,-4.7132625579834,8.78255653381348,1.76829588413239,0.86007297039032,0.404380887746811,1.32133901119232
11.6849999427795,-4.78444910049438,9.0481595993042,0.843170881271362,0.305499970912933,0.95002019405365,1.56728136539459
11.7259998321533,-4.56430912017822,9.39691352844238,-0.133399859070778,-0.0176382139325142,1.99250745773315,1.77313685417175
11.7669999599457,-4.15364122390747,9.79023361206055,-0.652642369270325,-0.0125987250357866,2.807377576828,1.99182021617889
11.8079998493195,-3.71455812454224,10.0561361312866,-1.03100740909576,0.300918638706207,3.56818795204163,1.95692551136017
11.8489999771118,-3.22133755683899,10.199107170105,-1.30588293075562,0.987740039825439,3.98761081695557,1.77000629901886
11.8899998664856,-2.49960231781006,10.5637140274048,-0.839880764484406,0.939330399036407,3.43532872200012,2.05588269233704
11.930999994278,-1.51196479797363,10.9256286621094,-0.361017107963562,0.834570050239563,2.26769399642944,2.49424195289612
11.9719998836517,-0.375972270965576,10.7578315734863,-0.664307415485382,0.843351006507874,1.65257084369659,2.72155356407166
12.0130000114441,0.693918585777283,10.0468645095825,-1.24905347824097,0.697969377040863,1.54170215129852,2.71781206130981
12.0539999008179,1.67617225646973,9.17318439483643,-1.33220398426056,0.751113057136536,1.00385105609894,2.65313863754272
12.0949997901917,2.76071906089783,8.1894359588623,-0.862911641597748,0.642229557037354,0.0590994730591774,2.51432371139526
12.135999917984,4.14197587966919,7.08544683456421,-0.873380243778229,0.767071425914764,-0.713545978069305,2.2208878993988
12.1769998073578,5.77747011184692,6.20548629760742,-2.0691933631897,1.13487780094147,-0.600386500358582,1.9508171081543
12.2179999351501,7.45513820648193,5.77208662033081,-3.5748770236969,1.32355332374573,0.196005612611771,1.79260766506195
12.2589998245239,8.80857849121094,5.66351222991943,-4.60109901428223,1.11242926120758,1.3092747926712,1.76305794715881
12.2999999523163,9.70917701721191,5.5680980682373,-5.00249481201172,0.7064448595047,2.30808639526367,1.79192042350769
12.3409998416901,10.0779705047607,5.06979274749756,-4.65344190597534,0.416445106267929,2.84357023239136,1.54994857311249
12.3819999694824,10.056734085083,4.32861614227295,-3.81296277046204,0.187148332595825,3.03820157051086,1.10807693004608
12.4229998588562,10.052845954895,3.78993201255798,-2.59471702575684,0.0607793033123016,2.89228534698486,0.915278255939484
12.4639999866486,10.056435585022,3.29850602149963,-1.25712919235229,-0.153704434633255,2.60770702362061,0.673688173294067
12.5049998760223,9.95623588562012,2.75653171539307,-0.0831505879759789,-0.138433262705803,2.3538236618042,0.439199179410934
12.5460000038147,9.84616565704346,2.33898425102234,1.0387841463089,0.0197761803865433,1.92760491371155,0.419423013925552
12.5869998931885,9.77168941497803,2.00339078903198,2.05782747268677,0.198830783367157,1.34668910503387,0.373533099889755
12.6279997825623,9.62901782989502,1.73838567733765,2.74008107185364,0.430570960044861,1.18634176254272,0.372387766838074
12.6689999103546,9.32602596282959,1.56041944026947,3.30807733535767,0.405755281448364,1.16511476039886,0.333904385566711
12.7099997997284,8.88813972473145,1.44257295131683,3.90777850151062,0.316571593284607,1.13396155834198,0.285723805427551
12.7509999275208,8.51605606079102,1.38843536376953,4.56909465789795,0.14209833741188,0.960939109325409,0.261366277933121
12.7919998168945,8.28933620452881,1.34745824337006,5.00518655776978,-0.00290152453817427,0.875420451164246,0.248385772109032
12.8329999446869,8.10449028015137,1.20299160480499,5.15473794937134,-0.100789800286293,1.07562565803528,0.1806580722332
12.8739998340607,7.90648412704468,1.07288181781769,5.18883609771729,-0.147061482071877,1.49573588371277,0.130874022841454
12.914999961853,7.63101053237915,1.00797653198242,5.41764974594116,-0.210055097937584,1.90416359901428,0.112472251057625
12.9559998512268,7.23410129547119,0.92901337146759,5.98534679412842,-0.248003989458084,2.03404498100281,0.0942231863737106
12.9969999790192,6.74985361099243,0.82582288980484,6.78993320465088,-0.219599589705467,1.75939285755157,0.0552816763520241
13.0379998683929,6.20817852020264,0.73459655046463,7.66510820388794,-0.202419504523277,1.11120748519897,0.0199288912117481
13.0789999961853,5.73739051818848,0.672981381416321,8.39132976531982,-0.17974179983139,0.24601873755455,0.0778066664934158
13.1199998855591,5.45085000991821,0.579960405826569,8.7170524597168,-0.0450499840080738,-0.433396130800247,0.127514362335205
13.1610000133514,5.37876605987549,0.496211588382721,8.59382247924805,0.0466534607112408,-0.623216927051544,0.174473240971565
13.2019999027252,5.47806835174561,0.486042112112045,8.23729228973389,0.0978882759809494,-0.409267663955688,0.231129333376884
13.242999792099,5.61745023727417,0.506979286670685,7.94028282165527,0.104913018643856,-0.141792923212051,0.227387890219688
13.2839999198914,5.71615409851074,0.54017972946167,7.85204744338989,0.0862821787595749,-0.0663532838225365,0.183101460337639
13.3249998092651,5.7589259147644,0.587437987327576,7.89930582046509,0.0222195684909821,-0.153322666883469,0.108272679150105
13.3659999370575,5.79870653152466,0.632303357124329,7.89691305160522,-0.0469588823616505,-0.203030362725258,0.0587940476834774
13.4069998264313,5.90219593048096,0.602692186832428,7.77996349334717,-0.013820419088006,-0.159660205245018,0.0477987974882126
13.4479999542236,6.03021240234375,0.50907301902771,7.64955472946167,0.0615428611636162,-0.0702474340796471,0.0373380370438099
13.4889998435974,6.13250541687012,0.456730008125305,7.60558700561523,0.0740652307868004,-0.00900999736040831,0.0311532095074654
13.5299999713898,6.1938214302063,0.42921257019043,7.58135938644409,0.0772721767425537,0.00313059217296541,0.0313059203326702
13.5709998607635,6.2240309715271,0.409471780061722,7.54217720031738,0.0799446329474449,-0.00839914940297604,0.0291679557412863
13.6119999885559,6.23509740829468,0.412462800741196,7.49641418457031,0.0734543800354004,-0.0274881273508072,0.0274117700755596
13.6529998779297,6.23569583892822,0.425623327493668,7.45453977584839,0.0564270168542862,-0.034054733812809,0.0143549107015133
13.694000005722,6.21894598007202,0.439681172370911,7.42881679534912,0.0397050715982914,-0.0154238929972053,0.00587940495461226
13.7349998950958,6.18395090103149,0.468694120645523,7.42791986465454,0.0378725305199623,-0.0101553360000253,0.0236703306436539
13.7759997844696,6.1331033706665,0.493818759918213,7.45962476730347,0.0108425384387374,-0.0369562581181526,0.0163401644676924
13.816999912262,6.10349225997925,0.50907301902771,7.48415088653564,-0.0174091476947069,-0.0526855774223804,0.0137440636754036
13.8579998016357,6.09870672225952,0.514755964279175,7.47517776489258,-0.00740652298554778,-0.027640838176012,0.0213032979518175
13.8989999294281,6.08524703979492,0.511465847492218,7.47039222717285,-0.0101553360000253,-0.00923906452953815,0.0145076224580407
13.9399998188019,6.0768723487854,0.511764943599701,7.48235654830933,-0.0199288912117481,-0.0130568603053689,0.0212269425392151
13.9809999465942,6.08195686340332,0.495613396167755,7.48833847045898,-0.0211505871266127,-0.00435228692367673,0.0213796533644199
14.021999835968,6.10139846801758,0.472582459449768,7.48056173324585,-0.0136677073314786,0.0378725305199623,0.0116060981526971
14.0629999637604,6.13968372344971,0.469292342662811,7.49432039260864,0.00748287886381149,0.0691784545779228,0.0226013492792845
14.1039998531342,6.15703153610229,0.460020154714584,7.54008340835571,0.0249683819711208,0.0682621821761131,0.0219905003905296
14.1449999809265,6.15703153610229,0.467497736215591,7.57986402511597,0.033062107861042,0.0302369389683008,0.0239757541567087
14.1859998703003,6.14177751541138,0.485144793987274,7.5774712562561,0.0292443130165339,-0.0157293174415827,0.0266482122242451
14.2269999980927,6.12951421737671,0.501894533634186,7.5272216796875,0.00900999736040831,-0.0304660070687532,0.0403922758996487
14.2679998874664,6.13639354705811,0.501595437526703,7.48175811767578,-0.0250447373837233,-0.0262664314359426,0.0435228683054447
14.3090000152588,6.14835786819458,0.456131815910339,7.45154905319214,-0.025655584409833,0.00702474359422922,0.0229831282049417
14.3499999046326,6.15613460540771,0.408275365829468,7.44437026977539,-0.00763559062033892,0.0555107444524765,0.00595576083287597
14.3909997940063,6.15284442901611,0.393619328737259,7.48265552520752,-0.00649025198072195,0.0644443854689598,-0.00175618589855731
14.4319999217987,6.13758993148804,0.393918424844742,7.53649425506592,-0.0274881273508072,0.0348946489393711,-0.00710109947249293
14.4729998111725,6.12502765655518,0.381056994199753,7.56580591201782,-0.0373380370438099,0.00771194649860263,-0.00786465872079134
14.5139999389648,6.11605453491211,0.35383865237236,7.56012296676636,-0.024510245770216,-0.0103080477565527,-0.00984991248697042
14.5549998283386,6.10887622833252,0.335892468690872,7.5439715385437,-0.0323749035596848,-0.00167983002029359,-0.0100789796561003
14.595999956131,6.10558605194092,0.331106841564178,7.5373911857605,-0.0386360883712769,0.000534491380676627,-0.00251974491402507
14.6369998455048,6.08793878555298,0.336191594600677,7.53858757019043,-0.0437519364058971,-0.0117588099092245,-0.00145076226908714
14.6779999732971,6.07328319549561,0.364008158445358,7.52273511886597,-0.067116841673851,-0.0195471122860909,0.00282516865991056
14.7189998626709,6.0670018196106,0.40588253736496,7.48714208602905,-0.0899472609162331,-0.00794101413339376,0.0268009230494499
14.7599999904633,6.07118940353394,0.446859627962112,7.48385190963745,-0.116900891065598,-7.63559073675424e-05,0.0707819238305092
14.800999879837,6.08883619308472,0.419043064117432,7.54576635360718,-0.127590715885162,-0.00397050706669688,0.0955975949764252
14.8420000076294,6.10468864440918,0.30089744925499,7.59840822219849,-0.0796392112970352,-0.00236703315749764,0.0674986243247986
