0,9.03813934326172,1.74735867977142,-0.751047194004059,0.0716218426823616,0.0795628577470779,-0.105523861944675
0.0409998893737793,9.68973541259766,1.64880430698395,-0.809372246265411,0.145992487668991,0.00167983002029359,-0.0766613334417343
0.0820000171661377,9.92572784423828,1.77113735675812,-0.554686188697815,0.159736558794975,0.0453554093837738,0.0623064190149307
0.122999906539917,9.67208862304688,1.9523937702179,-0.802941560745239,0.0676513314247131,0.029931515455246,0.109341658651829
0.164000034332275,9.9393367767334,2.0688943862915,-1.28539443016052,0.0403159186244011,0.0484096445143223,0.057572353631258
0.204999923706055,10.2160062789917,2.1791136264801,-1.29137647151947,0.0613901503384113,0.0786465853452682,0.0566560849547386
0.245999813079834,10.0504531860352,2.17492628097534,-1.19656085968018,-0.0146603342145681,0.0949867516756058,0.0795628577470779
0.286999940872192,9.57667446136475,2.00144648551941,-0.925274610519409,-0.140800297260284,0.0702474340796471,0.0117588099092245
0.327999830245972,9.39317512512207,1.85742855072021,-0.385543555021286,-0.223570093512535,-0.0288625322282314,-0.0705528557300568
0.36899995803833,9.38061237335205,1.81944251060486,-0.177966177463531,-0.331995487213135,-0.0259610079228878,-0.110257931053638
0.409999847412109,9.62423133850098,1.89945256710052,-0.39631125330925,-0.34176903963089,-0.0503949001431465,-0.0745233669877052
0.450999975204468,9.96924686431885,1.97348046302795,-0.000448654231149703,-0.28847262263298,-0.0310004986822605,-0.0178672820329666
0.491999864578247,10.3999547958374,2.09880447387695,-0.0267697032541037,-0.285876512527466,0.0734543800354004,0.0670404881238937
0.532999992370605,10.407133102417,2.28873491287231,-0.360718011856079,-0.270758032798767,0.177298411726952,0.091932512819767
0.573999881744385,10.5729856491089,2.28021049499512,-0.177667081356049,-0.091932512819767,0.00106898276135325,-0.0201579593122005
0.615000009536743,11.2857475280762,2.29770803451538,-0.157028988003731,-0.0563506595790386,-0.00030542362947017,-0.127361655235291
0.655999898910522,11.4741830825806,2.3178973197937,0.183499589562416,-0.0626118406653404,0.00931542087346315,-0.192722305655479
0.697000026702881,12.535249710083,2.67113780975342,-0.227467700839043,-0.0642916709184647,0.0126750804483891,-0.314586341381073
0.73799991607666,12.3704442977905,2.81440806388855,0.191276267170906,-0.0708582848310471,0.106440134346485,-0.480889499187469
0.779000043869019,11.8926277160645,3.0352954864502,-0.316301256418228,-0.115908265113831,0.129041478037834,-0.659256875514984
0.819999933242798,10.8693971633911,3.35892486572266,0.0376869551837444,-0.308783292770386,0.504865288734436,-1.10242664813995
0.860999822616577,8.00264549255371,5.3614182472229,2.14157629013062,-0.179130956530571,0.629325389862061,-1.51490116119385
0.901999950408936,5.50633335113525,5.88858699798584,-0.496660262346268,-0.229678571224213,1.05920910835266,-1.86186242103577
0.942999839782715,3.63394975662231,4.72044086456299,-1.49312138557434,0.461495101451874,0.145839780569077,-1.96830260753632
0.983999967575073,-1.53828585147858,2.02043962478638,0.612861692905426,0.91901969909668,-0.135913521051407,-1.11433815956116
1.02499985694885,-4.32487726211548,-0.0233300216495991,0.214755833148956,0.442711561918259,0.208146199584007,-0.204328402876854
1.06599998474121,-1.69262290000916,-0.709172785282135,-2.19511556625366,0.376281917095184,-0.328483104705811,0.167219430208206
1.10699987411499,1.96196496486664,-0.761366248130798,-1.32966160774231,0.923601031303406,-1.20092570781708,0.971247136592865
1.14800000190735,8.9345006942749,0.862911641597748,1.29137647151947,0.706292152404785,-1.12808215618134,1.73159921169281
1.18899989128113,27.6556453704834,4.01395988464355,-3.72113823890686,-0.0267245676368475,0.143549099564552,2.00006651878357
1.23000001907349,37.8103370666504,3.59581422805786,-0.0284147690981627,0.50853031873703,0.123085722327232,1.87239956855774
1.27099990844727,24.0366516113281,3.96804761886597,-0.267846584320068,0.982242405414581,-0.185086712241173,2.73399972915649
1.31200003623962,14.5000562667847,4.06884527206421,-5.21515703201294,0.0584886260330677,0.720341622829437,0.471879512071609
1.3529999256134,7.97976446151733,2.65588355064392,-1.97392916679382,1.28812420368195,-0.596186935901642,-1.60942983627319
1.39399981498718,4.87014198303223,-0.0946660488843918,-2.90713000297546,0.314739048480988,-0.0890309885144234,-1.78825533390045
1.43499994277954,2.18973183631897,-1.54516518115997,-2.19840574264526,-0.422553598880768,0.0739125162363052,-2.19141459465027
1.47599983215332,-0.0327517613768578,1.04805636405945,-0.0219840575009584,-0.457524597644806,0.0418430380523205,-3.11150312423706
1.51699995994568,-1.55294191837311,4.86909484863281,-1.19297158718109,-0.895196676254272,0.28602921962738,-3.52489399909973
1.55799984931946,-4.42941379547119,7.04641389846802,-0.59671014547348,-0.51677680015564,0.244033485651016,-3.17839097976685
1.59899997711182,-6.88340282440186,5.90384101867676,0.862163901329041,-0.237466871738434,-0.635891973972321,-2.39696455001831
1.6399998664856,-0.681505799293518,0.190229400992393,0.322432845830917,-0.668419599533081,-0.797155678272247,-0.879009187221527
1.68099999427795,0.685543715953827,-1.32233357429504,4.23424911499023,-0.54594475030899,-0.919477820396423,1.66226816177368
1.72199988365173,4.44870615005493,-1.35314118862152,-1.32786703109741,-1.08944606781006,0.521052718162537,3.68157649040222
1.76300001144409,12.4863471984863,0.29760730266571,0.0993021428585052,-0.349404633045197,-0.991557836532593,3.46655821800232
1.80399990081787,24.2216472625732,1.88778746128082,-0.318694055080414,0.422553598880768,-0.0965138673782349,3.87216067314148
1.84500002861023,36.766918182373,2.46131730079651,0.0565304346382618,-0.0821589529514313,0.0888782739639282,3.37584733963013
1.88599991798401,27.2880477905273,2.76191544532776,1.03160572052002,0.881147146224976,0.73255854845047,2.80455255508423
1.92699980735779,22.7573890686035,4.66346168518066,-2.3567807674408,0.781731784343719,0.410336643457413,0.4709632396698
1.96799993515015,11.3460168838501,4.2179479598999,-0.223579362034798,1.61981427669525,-0.0145076224580407,-1.02286374568939
2.00899982452393,3.96460795402527,0.851097106933594,-0.066251277923584,1.15679204463959,-1.0845593214035,-1.75068819522858
2.04999995231628,1.46216416358948,0.40408793091774,-3.59416913986206,0.583359122276306,-0.922684788703918,-2.79401540756226
2.09099984169006,4.42283344268799,1.47173547744751,-2.29621243476868,0.486997991800308,-1.29743957519531,-3.86987018585205
2.13199996948242,1.66630184650421,3.56366062164307,-0.33649069070816,-0.31886225938797,-0.915965437889099,-3.72433567047119
2.1729998588562,-1.72103774547577,4.92203617095947,-1.01889383792877,-1.54376375675201,0.571447610855103,-3.22221922874451
2.21399998664856,-10.370792388916,6.56590557098389,1.85578346252441,-0.948798477649689,0.435992240905762,-2.96031856536865
2.25499987602234,-8.4486083984375,2.47627234458923,-0.648754060268402,-0.430494606494904,0.186002984642982,-1.91118836402893
2.2960000038147,0.603290438652039,-2.25942277908325,-0.21684955060482,0.139884024858475,-0.936428844928741,-0.309241414070129
2.33699989318848,-2.52786755561829,-3.72068977355957,2.61700010299683,0.499367624521255,0.394454628229141,3.20694804191589
2.37800002098083,9.74791049957275,-4.16725015640259,-4.88404989242554,0.120336912572384,0.992168664932251,4.57662057876587
2.41899991035461,21.6539974212646,1.0200902223587,-0.0125623187050223,1.18977773189545,0.430189192295074,5.22656202316284
2.46000003814697,29.9343605041504,0.900000393390656,7.2430739402771,0.882979691028595,2.34901309013367,5.94507074356079
2.50099992752075,34.33251953125,-0.29760730266571,7.82677316665649,-1.36310565471649,1.19756603240967,3.66309833526611
2.54199981689453,22.498514175415,1.84157609939575,-2.10643172264099,-1.1978714466095,1.42755007743835,2.34290456771851
2.58299994468689,19.1424312591553,2.67891454696655,-2.77911400794983,1.23116266727448,-0.791658043861389,-0.932611048221588
2.62399983406067,9.37193870544434,1.35493576526642,1.9387845993042,1.39975655078888,-1.05676579475403,-1.50848734378815
2.66499996185303,6.10124921798706,-0.81699937582016,0.534048080444336,-0.916270911693573,0.304201930761337,-1.49581217765808
2.70599985122681,4.21600389480591,-1.76081836223602,-0.180807664990425,-1.20123112201691,0.583969950675964,-2.37726473808289
2.74699997901917,2.96739912033081,0.529561579227448,-1.02143621444702,-0.471879512071609,0.0423011742532253,-3.37905430793762
2.78799986839294,-0.00553340231999755,3.65189599990845,-1.31605243682861,-0.132248431444168,-0.435075968503952,-4.00776863098145
2.8289999961853,-2.0825035572052,4.88225555419922,0.414107859134674,-0.0896418318152428,-0.377503603696823,-3.77732682228088
2.86999988555908,-7.62742137908936,5.05304336547852,3.97552537918091,-0.322374641895294,-0.390331387519836,-2.82623744010925
2.91100001335144,-0.553938448429108,1.63549423217773,-2.59770798683167,-0.701099932193756,0.00610847258940339,-1.46099388599396
2.95199990272522,-0.429362118244171,0.0143569353967905,-1.38708937168121,0.526703059673309,-1.31072545051575,0.477835267782211
2.99300003051758,4.28734016418457,-0.804885745048523,-2.46146678924561,0.952005445957184,-1.52024614810944,2.4661431312561
3.03399991989136,8.91431140899658,1.50254309177399,-1.41699969768524,0.292595833539963,-0.945744276046753,3.25871729850769
3.07499980926514,17.525182723999,3.98674154281616,0.307029068470001,0.153169944882393,0.233649075031281,4.19621515274048
3.1159999370575,33.4189071655273,4.68006181716919,6.31764984130859,-0.504865288734436,0.643680274486542,3.28452563285828
3.15699982643127,28.4668121337891,4.02338171005249,2.31999111175537,-0.95658677816391,1.19222116470337,2.86731696128845
3.19799995422363,24.4537506103516,4.5207896232605,-4.94641304016113,0.080479122698307,0.409267663955688,0.913369357585907
3.23899984359741,14.6567869186401,3.27771830558777,0.361017107963562,1.59614384174347,-0.470199674367905,-1.03004121780396
3.27999997138977,8.27348327636719,1.40862476825714,0.95129656791687,0.430800020694733,-0.425913244485855,-1.18626534938812
3.32099986076355,3.59641242027283,-1.01530456542969,1.40249311923981,-0.952616274356842,-0.0346655808389187,-2.17935037612915
3.36199998855591,1.32188498973846,-1.70937263965607,-0.87502533197403,-0.648261666297913,-0.327566832304001,-2.89648509025574
3.40299987792969,-3.6815071105957,2.04631209373474,0.347407937049866,-0.112243182957172,0.0274881273508072,-3.83749508857727
3.44400000572205,-4.19536590576172,5.3597731590271,-2.29636192321777,0.46760356426239,0.74401193857193,-3.91293478012085
3.48499989509583,-3.71605348587036,7.49970436096191,-0.688086032867432,0.862516343593597,0.459204435348511,-3.18694281578064
3.52600002288818,-5.31430959701538,5.82547616958618,0.130259275436401,0.955975949764252,0.958724796772003,-0.983311355113983
3.56699991226196,-0.171236366033554,0.974476993083954,-2.44830632209778,0.391247659921646,0.489746779203415,-0.0473406612873077
3.60800004005432,5.32851696014404,-1.35747814178467,-1.8813568353653,0.739430606365204,-1.1903885602951,1.55628609657288
3.6489999294281,7.41012287139893,-1.63115727901459,1.45932269096375,0.436908513307571,0.322069227695465,3.53191876411438
3.68999981880188,13.2010526657104,1.81301176548004,-1.59825599193573,-0.579846739768982,0.604127943515778,3.98379302024841
3.73099994659424,23.9007091522217,2.87063932418823,0.631555616855621,-0.495855271816254,0.330773800611496,3.27368307113647
3.77199983596802,29.3494644165039,1.89915347099304,8.55807971954346,-0.049020491540432,0.0778830274939537,3.01895976066589
3.81299996376038,26.1741905212402,2.61281275749207,1.394118309021,-1.21115744113922,1.6385977268219,2.774010181427
3.85399985313416,21.5198497772217,4.84995222091675,-1.6715362071991,0.284349411725998,1.38937211036682,1.35379028320312
3.89499998092651,13.3118705749512,4.43614339828491,3.3025438785553,1.60973525047302,-0.394301891326904,-0.222959250211716
3.93599987030029,6.95743083953857,2.4901807308197,2.23504590988159,0.100789800286293,0.144770801067352,-0.511279165744781
3.97699999809265,4.20478773117065,0.530608415603638,-0.450598418712616,-0.197150945663452,0.531895279884338,-1.65325808525085
4.01799988746643,3.86889505386353,0.200099796056747,0.696610510349274,0.913827478885651,-0.56243759393692,-2.93466305732727
4.05900001525879,2.85239410400391,2.65364027023315,0.334097862243652,0.896265625953674,-0.353527843952179,-3.44395685195923
4.09999990463257,-0.212512567639351,5.24207639694214,-0.644865691661835,0.656508088111877,-0.104149460792542,-3.69700026512146
4.14100003242493,-7.04387187957764,8.10314464569092,-2.15428805351257,0.874122440814972,0.0580304898321629,-3.50214004516602
4.18199992179871,-1.67452716827393,5.76161766052246,-6.71336317062378,1.02897214889526,-0.541668832302094,-3.03148221969604
4.22299981117249,-1.20508527755737,0.988983511924744,2.7390341758728,1.01079952716827,-2.01258897781372,-1.48542785644531
4.26399993896484,-3.55154705047607,0.208325117826462,-1.90184533596039,-0.471268653869629,-0.652079463005066,1.46710240840912
4.30499982833862,1.58001065254211,1.48160588741302,-2.18479657173157,-0.642458617687225,-0.900541543960571,1.32401144504547
4.34599995613098,8.11316394805908,4.71386051177979,-2.00757813453674,0.886644780635834,-2.78271460533142,1.6040848493576
4.38699984550476,22.555046081543,8.01446056365967,0.184995099902153,-0.242506355047226,0.0891837030649185,2.48095607757568
4.42799997329712,35.759838104248,8.56615543365479,-0.64277195930481,-0.235939756035805,0.986060202121735,3.22221922874451
4.4689998626709,25.1186561584473,7.99427080154419,0.122033953666687,-0.591605544090271,2.00693869590759,3.44487309455872
4.50999999046326,15.7399873733521,7.16291475296021,-2.12183547019958,-0.146145209670067,0.888324618339539,1.6224102973938
4.55099987983704,8.9196949005127,5.24102926254272,1.08888387680054,0.0212269425392151,-0.3089359998703,-0.168288424611092
4.59200000762939,7.6422266960144,2.79526543617249,0.808026313781738,-0.973232388496399,0.406366139650345,-0.504559814929962
4.63299989700317,5.46804857254028,1.36375939846039,2.19526529312134,-1.09753978252411,0.747218906879425,-0.970483601093292
4.67400002479553,1.73300182819366,2.02417850494385,-0.872632503509521,-0.610847234725952,1.52818715572357,-1.55735504627228
4.71499991416931,-1.18579316139221,4.25623321533203,-0.409621328115463,0.653301119804382,0.893364131450653,-2.64451050758362
4.75600004196167,-4.32816743850708,5.96067094802856,1.84516537189484,1.30034112930298,0.558467090129852,-2.73919177055359
4.79699993133545,-7.38215684890747,5.91969347000122,-1.66331088542938,0.776997685432434,1.13861930370331,-2.17400550842285
4.83799982070923,-1.12208425998688,1.9727326631546,-6.47423028945923,1.47611236572266,0.171953499317169,-1.35409569740295
4.87899994850159,-1.7358433008194,-0.307178616523743,1.7053347826004,2.01518511772156,-1.55567526817322,0.452637821435928
4.91999983787537,7.5810604095459,-1.39800667762756,0.710967421531677,0.482722043991089,-1.5165810585022,2.42170405387878
4.96099996566772,7.94850826263428,2.28963208198547,-0.959521889686584,-0.445154935121536,-0.357345640659332,3.67562055587769
5.0019998550415,16.5448722839355,5.55149793624878,-0.420389026403427,0.87962007522583,0.52151083946228,3.60583138465881
5.04299998283386,35.7646217346191,6.04083013534546,-0.194865494966507,0.805402100086212,-0.0484096445143223,2.44216728210449
5.08399987220764,27.3034515380859,5.32029151916504,-3.47976231575012,0.503338158130646,1.21451711654663,3.13822770118713
5.125,20.3367500305176,4.53155755996704,-6.81101989746094,0.985754787921906,0.176229432225227,1.33500671386719
5.16599988937378,11.9364461898804,2.8846971988678,0.45538404583931,0.742179393768311,-0.359636336565018,-0.942079186439514
5.20700001716614,6.91720151901245,1.35523498058319,0.996161997318268,-1.00850880146027,-0.244491621851921,-0.936276137828827
5.24799990653992,4.86550569534302,-0.131904348731041,-0.0554835759103298,-2.29388427734375,0.825865507125854,-1.32721841335297
5.28900003433228,4.9619665145874,0.363260388374329,0.472133815288544,-1.47947204113007,0.861447334289551,-2.15384745597839
5.32999992370605,7.22393178939819,1.81690013408661,1.874626994133,-1.1870288848877,1.19161033630371,-2.86487364768982
5.37099981307983,-4.87896537780762,4.90259456634521,-2.12886428833008,-0.338103950023651,0.443627834320068,-2.64496874809265
5.41199994087219,-8.23968505859375,7.13943481445312,0.735942542552948,-0.32130566239357,0.228151455521584,-2.7523250579834
5.45299983024597,-0.664905607700348,5.03569507598877,1.77921319007874,-0.0789520069956779,-0.631463348865509,-2.44476342201233
5.49399995803833,5.45728063583374,1.49207448959351,2.36590337753296,-1.05844557285309,-0.74401193857193,0.262511610984802
5.53499984741211,1.12357974052429,1.03235340118408,-3.8288152217865,-0.648872494697571,-0.226318910717964,2.96627426147461
5.57599997520447,4.25518655776978,0.414257407188416,0.808026313781738,0.321000248193741,-0.572974741458893,2.41055607795715
5.61699986457825,9.06012344360352,1.86535477638245,-2.27123737335205,0.415986984968185,-0.0946813225746155,2.70513701438904
5.65799999237061,23.1122741699219,2.14337086677551,7.186842918396,-0.399035960435867,0.649941504001617,2.93313574790955
5.69899988174438,26.5682582855225,2.75324153900146,3.2789146900177,-0.402548342943192,0.413085460662842,3.32942295074463
5.74000000953674,24.8766822814941,4.09396982192993,-3.53494691848755,-0.33031564950943,0.371242433786392,2.45713305473328
5.78099989891052,22.2388935089111,3.52986216545105,4.58689165115356,2.09612226486206,-1.79146230220795,0.357651084661484
5.82200002670288,12.9412822723389,2.55000114440918,4.10084915161133,0.229525864124298,-0.576945245265961,0.286181926727295
5.86299991607666,6.10648345947266,1.27417802810669,-0.158674046397209,-1.16793990135193,0.195318415760994,-0.499825775623322
5.90400004386902,5.23833751678467,0.400349140167236,2.66575407981873,-0.196234688162804,-0.278393626213074,-2.04053521156311
5.9449999332428,4.00214529037476,1.47233366966248,3.10737919807434,-0.542279660701752,0.550373375415802,-2.52692246437073
5.98599982261658,3.57053995132446,2.90862536430359,-0.720837831497192,-0.53632390499115,1.07218968868256,-2.59106135368347
6.02699995040894,-1.48848521709442,5.02492761611938,-0.819093108177185,0.759588539600372,0.757450580596924,-2.91343593597412
6.06799983978271,-9.20817947387695,6.5081787109375,-0.996610641479492,1.43121516704559,-0.0642916709184647,-2.69689059257507
6.10899996757507,-3.76555514335632,2.67502617835999,-3.70274353027344,1.06791377067566,-0.346808522939682,-2.4035313129425
6.14999985694885,0.78125661611557,-0.484995245933533,2.07338070869446,0.892295122146606,-1.45702338218689,-0.550373375415802
6.19099998474121,5.64332246780396,-0.913011372089386,0.400648236274719,-0.267245680093765,-0.603975236415863,2.36046648025513
6.23199987411499,7.94880723953247,1.8999011516571,-1.24082803726196,-0.388346135616302,-0.79791921377182,3.07912826538086
6.27300000190735,14.8465671539307,5.51366138458252,-1.45049917697906,1.08593368530273,-1.73999845981598,2.76148772239685
6.31399989128113,36.8065490722656,6.06027221679688,-6.80444002151489,0.646887242794037,-0.177603840827942,1.51077795028687
6.35500001907349,29.4405422210693,5.25374126434326,-0.790977418422699,0.861905455589294,0.124765552580357,2.47805452346802
6.39599990844727,19.6891918182373,5.51081991195679,-5.5950174331665,0.063986249268055,1.17435383796692,1.80398464202881
6.43700003623962,11.7342529296875,4.80179691314697,-1.5007483959198,0.0826170891523361,-0.142174705862999,-1.14228439331055
6.4779999256134,7.4555869102478,2.69940304756165,0.297308206558228,-0.17012095451355,-0.804485857486725,-1.62607538700104
6.51899981498718,4.82751989364624,0.362063974142075,-0.0282652173191309,-1.52314758300781,-0.381779551506042,-2.20531129837036
6.55999994277954,1.57716917991638,-0.281605303287506,-0.247657150030136,-1.21558606624603,0.153933510184288,-2.55700659751892
6.60099983215332,-1.67916333675385,2.5088746547699,0.161964178085327,-0.871984481811523,0.608861982822418,-3.44090270996094
6.64199995994568,-4.98215579986572,4.94940423965454,-0.815354287624359,-0.430647313594818,0.623980462551117,-3.62369871139526
6.68299984931946,-8.91281604766846,6.56291437149048,2.0624635219574,0.0213796533644199,0.266634821891785,-3.15136098861694
6.72399997711182,-6.52253532409668,2.79421854019165,1.40578329563141,-0.0676513314247131,-0.392622083425522,-1.79192042350769
6.7649998664856,1.91291213035583,-0.993470072746277,-1.60124695301056,-0.316724300384521,-0.917645275592804,0.139273181557655
6.80599999427795,6.34187746047974,-0.835244655609131,-2.99536538124084,0.102316915988922,-0.243422627449036,2.994220495224
6.84699988365173,11.2890377044678,1.96301186084747,0.744616508483887,-0.0027488125488162,0.376892745494843,4.29837942123413
6.88800001144409,14.7149620056152,5.73410034179688,3.68210530281067,-0.684759795665741,0.209062471985817,4.35793685913086
6.92899990081787,23.74951171875,9.33799076080322,0.911515891551971,-1.21711313724518,-0.546860992908478,2.84273052215576
6.97000002861023,34.2104835510254,9.04008388519287,2.01699995994568,-0.242506355047226,-0.102469630539417,1.74060928821564
7.01099991798401,24.8865528106689,8.78644466400146,-3.17871522903442,0.631005227565765,0.102469630539417,0.999346137046814
7.05199980735779,16.8871955871582,6.263512134552,1.0235298871994,0.299467861652374,0.756076216697693,-0.161263674497604
7.09299993515015,9.33425140380859,2.64885473251343,3.65384006500244,0.517082214355469,-0.505934238433838,-1.4237322807312
7.13399982452393,2.38773798942566,-0.546759963035583,-0.581455886363983,-0.853506326675415,0.304965496063232,-1.42083072662354
7.17499995231628,2.12228417396545,-2.02657127380371,-3.63963270187378,0.23517619073391,-0.445460349321365,-2.78363084793091
7.21599984169006,-0.881156921386719,-0.155982121825218,-2.22652149200439,0.707055687904358,-0.254570603370667,-3.29109239578247
7.25699996948242,-5.15847682952881,4.25713062286377,0.153738856315613,0.380557835102081,0.608861982822418,-3.19870162010193
7.2979998588562,-8.3816089630127,7.13689279556274,-0.663260519504547,-0.0326803289353848,1.03355360031128,-3.10310411453247
7.33899998664856,-8.05483913421631,6.10379123687744,2.79720973968506,0.431563585996628,-0.428051203489304,-2.26013493537903
7.37999987602234,-0.49172505736351,1.10339033603668,0.122333057224751,-0.11865708231926,-1.44556999206543,-0.695296883583069
7.4210000038147,5.41166734695435,-0.116949208080769,-0.918694317340851,-0.106440134346485,-1.99685966968536,1.81421637535095
7.46199989318848,7.0311598777771,1.25787699222565,-1.20254290103912,0.355360388755798,-0.135302662849426,3.9967737197876
7.50300002098083,11.2585296630859,4.1466121673584,-0.0337986201047897,0.207077220082283,-0.705681324005127,4.11222362518311
7.54399991035461,23.9051952362061,6.99511766433716,3.36176633834839,-0.161263674497604,0.119420640170574,3.63423585891724
7.58500003814697,30.806095123291,9.40663433074951,-2.58978176116943,-0.126445382833481,0.0154238929972053,2.98001837730408
7.62599992752075,29.0496139526367,6.53524732589722,-0.534347236156464,-0.0702474340796471,0.922684788703918,1.87774443626404
7.66699981689453,19.053747177124,5.96919536590576,-4.27776861190796,1.07631289958954,0.698351144790649,0.112090468406677
7.70799994468689,10.8245315551758,3.93604373931885,0.156430780887604,0.712858736515045,1.07035708427429,-1.25544381141663
7.74899983406067,5.59561586380005,1.31081819534302,0.175124704837799,0.347113966941833,0.119115218520164,-1.95165693759918
7.78999996185303,2.3499014377594,-1.14885401725769,-0.329910427331924,-0.395523607730865,0.184628590941429,-2.21157240867615
7.83099985122681,-0.0267697032541037,-1.67856502532959,0.166002064943314,-0.324970752000809,-0.0875038728117943,-2.77233028411865
7.87199997901917,-4.83559560775757,3.13983201980591,0.857378244400024,-0.665212690830231,0.631310641765594,-3.08050274848938
7.91299986839294,-4.8587760925293,6.95264530181885,-1.45648121833801,-0.48058408498764,0.48241662979126,-3.22817516326904
7.9539999961853,-5.09431934356689,8.54641437530518,1.5345470905304,0.1072036921978,-0.0746760740876198,-2.40139317512512
7.99499988555908,-1.46321105957031,5.76535654067993,1.02577316761017,0.066124215722084,-0.679720282554626,-0.825101912021637
8.03600001335144,0.87248295545578,2.04362010955811,0.2410768866539,-0.216698065400124,-0.288014471530914,0.98438036441803
8.07699990272522,4.54097938537598,0.322283297777176,-2.55478692054749,0.433854252099991,-0.253043472766876,2.58403658866882
8.11800003051758,7.30124950408936,1.8931713104248,0.564855694770813,0.607182204723358,-0.478446125984192,3.19335675239563
8.15899991989136,16.4736862182617,6.98449993133545,-2.09985136985779,0.813190400600433,-0.35383328795433,3.46044969558716
8.19999980926514,33.7263870239258,7.63205718994141,7.39771032333374,-0.00610847258940339,-0.0952921733260155,2.78302001953125
8.2409999370575,29.9214992523193,6.28803873062134,9.54706287384033,0.115908265113831,1.41792917251587,3.48106575012207
8.28199982643127,17.5568866729736,6.72293424606323,-3.52088904380798,-1.70518016815186,2.34595894813538,1.66852927207947
8.32299995422363,10.5151100158691,5.56271457672119,0.486939400434494,2.15002965927124,-0.068109467625618,-1.56682324409485
8.36399984359741,5.98983335494995,2.55254364013672,2.54910397529602,1.47244727611542,-0.571753025054932,-2.41361021995544
8.40499997138977,0.655184745788574,0.944716274738312,-0.387936383485794,-0.279768049716949,0.284807533025742,-1.7748167514801
8.44599986076355,0.276071906089783,-0.0762712210416794,-1.49207448959351,0.104149460792542,0.398272424936295,-2.0988712310791
8.48699998855591,-0.252741903066635,1.22333061695099,-0.775274515151978,0.533422350883484,0.25686126947403,-2.25356817245483
8.52799987792969,-0.15433706343174,5.01640319824219,-2.33718943595886,0.389873266220093,0.693922460079193,-2.08222556114197
8.56900000572205,-2.05259323120117,7.80030250549316,-2.55867505073547,0.735460102558136,0.0789520069956779,-1.93852376937866
8.60999989509583,-3.03200531005859,6.84870719909668,0.0813559666275978,0.838693261146545,-1.00957775115967,-1.11433815956116
8.65100002288818,1.09920287132263,2.37053942680359,-0.980758190155029,0.0389415137469769,-1.51520657539368,0.0125223686918616
8.69199991226196,2.57422852516174,-0.00987039320170879,-2.45398926734924,-0.487608820199966,-0.915965437889099,2.17492175102234
8.73300004005432,15.331711769104,-0.804137945175171,8.63494873046875,-0.359330892562866,-0.318709552288055,3.92102861404419
8.7739999294281,8.00444030761719,2.67278289794922,4.81420946121216,-2.10039830207825,1.73022484779358,5.54527139663696
8.81499981880188,10.8194465637207,3.58908438682556,1.03414797782898,-1.57766580581665,0.50532341003418,3.97295045852661
8.85599994659424,27.9086875915527,4.77233505249023,-1.62397885322571,1.40067279338837,-1.38570702075958,0.903290390968323
8.89699983596802,32.8878517150879,4.18938398361206,0.0696909576654434,1.78138327598572,0.289541602134705,1.46756052970886
8.93799996376038,23.6530513763428,3.65458798408508,-0.763160884380341,1.22505414485931,-0.4185830950737,1.4182345867157
8.97899985313416,13.7971649169922,2.4800112247467,1.61874449253082,0.431410878896713,0.554954707622528,-0.108578100800514
9.01999998092651,7.1346492767334,-0.496660262346268,1.34446728229523,-0.0784938707947731,-0.325581580400467,-1.70960879325867
9.06099987030029,3.85618329048157,-1.39621198177338,-2.04780745506287,-0.525328636169434,0.758366882801056,-2.5395975112915
9.10199999809265,0.929162919521332,1.26161575317383,-1.48190498352051,0.337951242923737,0.508683025836945,-3.90300846099854
9.14299988746643,-3.21460771560669,5.47881603240967,-0.86575311422348,0.565491855144501,0.261289924383163,-4.09542560577393
9.18400001525879,-6.38763999938965,7.55683279037476,-1.09860467910767,0.337340384721756,0.0798682793974876,-3.68722677230835
9.22499990463257,-7.04850769042969,5.98325300216675,2.16490626335144,0.277782797813416,-0.812426865100861,-2.48446846008301
9.26600003242493,0.46061834692955,0.834796011447906,2.82323169708252,-0.528993725776672,-0.536171197891235,-0.503032743930817
9.30699992179871,2.8797619342804,-1.07033944129944,1.35643136501312,-0.901152431964874,-0.0626118406653404,1.90569078922272
9.34799981117249,4.21091938018799,-0.121884405612946,-2.94601321220398,-0.24601873755455,0.172411635518074,3.23107647895813
9.38899993896484,8.1696949005127,3.27397966384888,-0.502941429615021,1.03584420681,-1.36585450172424,2.80271983146667
9.42999982833862,16.7973155975342,6.64397096633911,-0.549900531768799,0.900388836860657,-0.307103455066681,2.3958957195282
9.47099995613098,37.304256439209,5.03943395614624,3.61331176757812,-0.00931542087346315,-0.22311195731163,2.17125654220581
9.51199984550476,30.4853076934814,3.5798122882843,10.9519491195679,-0.29992601275444,1.09066772460938,2.95421004295349
9.55299997329712,19.2028503417969,5.44053077697754,-5.56929492950439,-1.10456454753876,1.88217306137085,2.37283611297607
9.5939998626709,11.0084800720215,3.8168511390686,0.711715161800385,1.43350577354431,0.641389608383179,-0.802958726882935
9.63499999046326,6.80294418334961,0.127268254756927,2.02088832855225,1.22047281265259,-0.54594475030899,-1.83651232719421
9.67599987983704,1.66914331912994,-1.59571361541748,-0.12831512093544,-0.922226667404175,1.26903522014618,-1.95913982391357
9.71700000762939,2.65633225440979,0.562462866306305,-1.44451713562012,0.458288162946701,0.662311136722565,-3.39676880836487
9.75799989700317,1.15259277820587,3.25782799720764,-1.10383903980255,1.21100473403931,-0.217919766902924,-4.01570987701416
9.79900002479553,-6.99018287658691,5.60010242462158,-1.39965164661407,1.37089395523071,-0.0346655808389187,-3.1628143787384
9.83999991416931,-10.2650594711304,7.24860763549805,-0.98599249124527,0.959793746471405,-0.477377146482468,-3.08783292770386
9.88100004196167,-4.86505699157715,4.24875593185425,0.02602194622159,0.76035213470459,-1.14243710041046,-1.98739159107208
9.92199993133545,1.79626202583313,0.557677209377289,-0.269042998552322,-0.141411140561104,-0.540141701698303,0.337493121623993
9.96299982070923,2.8743782043457,-0.222981154918671,2.24357032775879,-0.287098199129105,-1.12869298458099,2.93619012832642
10.0039999485016,7.69666337966919,1.34342038631439,-2.17358016967773,-0.57541811466217,-0.310463130474091,3.54367756843567
10.0449998378754,9.91495990753174,3.89566493034363,2.80064940452576,0.00122169451788068,-1.30522787570953,3.378901720047
10.0859999656677,22.8909378051758,6.70229625701904,-2.76804709434509,-0.39231663942337,-0.503948986530304,2.54708027839661
10.1269998550415,36.4847145080566,5.52427959442139,-3.01764845848083,-0.14935214817524,-0.508224904537201,2.12009811401367
10.1679999828339,22.3425331115723,5.29875612258911,2.93375015258789,0.244033485651016,0.233954504132271,2.79691696166992
10.2089998722076,15.4525499343872,5.84297370910645,-7.43808937072754,-0.444391369819641,0.972316145896912,1.32370603084564
10.25,9.1256275177002,5.06754970550537,-2.11346054077148,1.11785054206848,-0.42423340678215,-0.921157658100128
10.2909998893738,9.56485939025879,4.24860620498657,-1.85563397407532,0.353375136852264,-0.260526359081268,-0.723701298236847
10.3320000171661,9.5576810836792,2.3298614025116,-0.262313187122345,-1.21573877334595,0.935054421424866,-0.804791271686554
10.3729999065399,7.86610555648804,1.70458698272705,0.759272515773773,-1.11128389835358,1.37425363063812,-1.55766046047211
10.4140000343323,5.26660251617432,1.24845516681671,0.262163639068604,-0.907719016075134,1.3362283706665,-2.9920825958252
10.4549999237061,-2.76550483703613,3.25349092483521,1.35403847694397,0.115297421813011,0.808761775493622,-3.67012310028076
10.4959998130798,-12.8952207565308,6.35817861557007,2.87707018852234,0.736681818962097,0.288319915533066,-4.11054372787476
10.5369999408722,-11.2351999282837,3.41231465339661,-1.15214407444,0.697282135486603,-0.954601526260376,-3.84467267990112
10.577999830246,-0.735942542552948,-0.699152886867523,-0.252741903066635,0.706292152404785,-1.86109888553619,-1.7887134552002
10.6189999580383,1.9184455871582,-0.493071019649506,1.73165583610535,0.377809017896652,-2.03992438316345,2.30946087837219
10.6599998474121,6.82373189926147,1.39426779747009,0.796809911727905,-0.688730299472809,0.422400891780853,4.24248695373535
10.7009999752045,6.21341276168823,4.8469614982605,-1.55683028697968,0.268772780895233,1.11464357376099,3.84574174880981
10.7419998645782,22.9899406433105,5.9977593421936,-6.88340282440186,1.22032010555267,-0.0742179453372955,2.48446846008301
10.7829999923706,26.3778781890869,4.60737991333008,-3.21999144554138,2.25356817245483,-0.798377394676208,2.0967333316803
10.8239998817444,26.1937808990479,4.12537574768066,-7.20792961120605,1.37776601314545,-0.519067466259003,3.18526291847229
10.8650000095367,21.0390434265137,3.68031072616577,1.6495521068573,-0.109952509403229,-0.386208176612854,1.71770250797272
10.9059998989105,13.8535461425781,4.29003190994263,3.43579411506653,-0.746455371379852,-0.813648521900177,1.63783419132233
10.9470000267029,10.1778707504272,2.57093834877014,-1.2874881029129,-2.65321516990662,0.714233160018921,0.586107969284058
10.9879999160767,8.00309467315674,1.51525497436523,-0.00717846769839525,-0.956281363964081,0.605044186115265,-1.01568627357483
11.029000043869,5.6337513923645,2.46879482269287,0.866949558258057,-0.971857964992523,1.14961457252502,-2.34153032302856
11.0699999332428,2.60264325141907,5.13125848770142,1.44287204742432,-1.05890369415283,0.829530596733093,-3.23932290077209
11.1109998226166,-7.70518779754639,8.89845848083496,0.332452803850174,-0.690410137176514,1.62424290180206,-3.35874366760254
11.1519999504089,-6.25483846664429,7.35478925704956,2.98041009902954,0.142785549163818,0.468977987766266,-3.47709536552429
11.1929998397827,0.750000357627869,1.74795699119568,1.72253322601318,-0.381015986204147,-0.0247393138706684,-2.23310494422913
11.2339999675751,-2.66231417655945,-1.63549423217773,-0.386291295289993,-0.470657825469971,1.03141558170319,0.871220886707306
11.2749998569489,0.950100123882294,-0.936490952968597,-3.0180971622467,-0.141716569662094,1.12579154968262,1.7693190574646
11.3159999847412,2.16311168670654,0.448056042194366,0.65114688873291,1.31500148773193,-0.755007207393646,1.71831333637238
11.356999874115,11.8546419143677,4.33714056015015,0.708574593067169,0.842663764953613,0.141258433461189,2.32045602798462
11.3980000019073,30.0326156616211,9.34352397918701,0.680010259151459,0.956128656864166,-0.903748512268066,2.03076171875
11.4389998912811,34.3906936645508,7.8349986076355,-0.401695102453232,1.57125186920166,-0.703237891197205,2.23600649833679
11.4800000190735,19.195821762085,7.16276502609253,-3.35219502449036,1.71251034736633,-0.0271827038377523,2.47744369506836
11.5209999084473,13.4959688186646,4.50463819503784,2.14396905899048,1.24902987480164,0.402853757143021,0.146756052970886
11.5620000362396,7.90917634963989,1.7341982126236,1.28330063819885,-0.111632339656353,-0.359941750764847,-0.638488113880157
11.6029999256134,2.67592358589172,-0.142821595072746,-0.863958537578583,-1.11006212234497,0.231511116027832,-1.21619689464569
11.6439998149872,0.0183948241174221,0.970738232135773,0.438933402299881,-0.312601089477539,-0.209978744387627,-2.64405226707458
11.6849999427795,-0.798454999923706,4.5293140411377,-1.04685986042023,-0.46103698015213,0.057877779006958,-3.24986004829407
11.7259998321533,-7.25369215011597,7.03833818435669,-4.01276350021362,-0.177451133728027,0.68201094865799,-2.97558975219727
11.7669999599457,-8.8428258895874,7.55698251724243,1.17846512794495,0.448820024728775,-0.239452123641968,-2.59808611869812
11.8079998493195,0.42143589258194,2.58783769607544,0.916750192642212,-0.298246175050735,-0.930167675018311,-1.40357434749603
11.8489999771118,4.89287376403809,0.145363971590996,0.153439745306969,-0.914438366889954,-0.680789291858673,1.38143110275269
11.8899998664856,6.41366195678711,0.128016009926796,-2.74800729751587,-0.317640572786331,-0.436755776405334,3.41295623779297
11.930999994278,11.0487089157104,1.9271194934845,-0.0364905446767807,0.366508364677429,-1.19894051551819,3.41555237770081
11.9719998836517,16.7029495239258,4.95718097686768,-0.223878473043442,0.367882758378983,-0.559994220733643,3.47755336761475
12.0130000114441,27.3842105865479,7.60872745513916,0.57338011264801,0.124612838029861,-0.818993449211121,2.77782797813416
12.0539999008179,31.3594360351562,6.25349235534668,2.75997138023376,0.269536346197128,0.2565558552742,1.95089340209961
12.0950000286102,20.6376457214355,6.07747030258179,-5.92926502227783,0.207382649183273,1.05890369415283,0.949256658554077
12.135999917984,16.1158103942871,5.31730079650879,-1.55892395973206,0.970941722393036,1.06104171276093,-0.843121945858002
12.1769998073578,9.30553817749023,3.09167647361755,3.74461793899536,0.911994934082031,0.00549762509763241,-1.36127316951752
12.2179999351501,6.2953667640686,1.05972135066986,-0.841974496841431,-1.69235229492188,0.702016234397888,-0.950783729553223
12.2589998245239,2.99177598953247,-1.63100779056549,0.978514909744263,-0.639557063579559,0.0827698037028313,-2.06557989120483
12.2999999523163,-1.46425795555115,-0.178564384579659,-2.05079865455627,-0.261137217283249,0.866028726100922,-2.84242510795593
12.3409998416901,-4.4988055229187,3.53195571899414,-1.23080813884735,0.386055469512939,0.761421084403992,-3.83978581428528
12.3819999694824,-4.64895534515381,5.80423974990845,-2.02971172332764,0.739277899265289,0.849383115768433,-3.71715831756592
12.4229998588562,-7.72687292098999,6.90882682800293,1.50837552547455,0.779135704040527,-0.0647498071193695,-2.6432888507843
12.4639999866486,-1.69830584526062,3.79965281486511,-3.34725975990295,0.269383639097214,-0.257777541875839,-1.08318495750427
12.5049998760223,4.79536628723145,0.556032180786133,3.91510653495789,0.204633831977844,-1.41487491130829,0.776692271232605
12.5460000038147,9.16032314300537,0.439082950353622,0.243768811225891,-0.312906503677368,-1.2627739906311,3.27750086784363
12.5869998931885,7.61411142349243,2.38968205451965,-2.68026041984558,-0.353527843952179,-1.11021494865417,4.13986444473267
12.6280000209808,9.76406192779541,4.59227514266968,-1.75005066394806,1.71266305446625,-0.866486847400665,3.24420976638794
12.6689999103546,26.1489162445068,7.82692289352417,-0.701246559619904,1.20596516132355,-0.57725065946579,2.23753356933594
12.710000038147,32.8293762207031,7.23798942565918,0.541376113891602,0.474628329277039,0.933985471725464,2.35863399505615
12.7509999275208,23.5752849578857,7.75169849395752,-4.4205904006958,0.379336148500443,0.813190400600433,2.35787034034729
12.7919998168945,17.1275253295898,6.20294427871704,0.0459122844040394,0.59175831079483,0.574043691158295,0.138051480054855
12.8329999446869,9.5434741973877,3.07148694992065,2.44890451431274,0.609014689922333,-0.628561854362488,-1.06547033786774
12.8739998340607,4.2248272895813,0.366999179124832,-1.91949236392975,-1.14442229270935,0.680483818054199,-1.41594398021698
12.914999961853,2.60473704338074,-1.32023990154266,-0.855583667755127,-0.0335965976119041,-0.0708582848310471,-2.75705909729004
12.9559998512268,-0.332153707742691,0.522682189941406,-1.00274229049683,-0.235634326934814,0.472795784473419,-3.36027073860168
12.9969999790192,-3.72502660751343,4.30992221832275,-2.21979165077209,-0.519831001758575,1.08715546131134,-3.36714291572571
13.0379998683929,-3.90867567062378,7.41730165481567,-1.87402880191803,-0.0755923464894295,0.884201407432556,-3.0407977104187
13.0789999961853,-3.31555485725403,6.41276454925537,0.83001035451889,0.0757450610399246,0.619857251644135,-1.95486390590668
13.1199998855591,2.91789770126343,2.18988132476807,2.07009077072144,-0.159431129693985,0.352764278650284,-0.375823765993118
13.1610000133514,3.69706058502197,0.936042308807373,-2.53085851669312,-0.0561979487538338,-1.39639687538147,1.30278444290161
13.2019999027252,6.56067085266113,1.33938252925873,-4.44317245483398,0.868472099304199,-2.1646900177002,2.59793329238892
13.2430000305176,8.17582607269287,3.22761869430542,-1.00423777103424,1.71938228607178,-1.95318412780762,2.84899163246155
13.2839999198914,12.0152597427368,6.26605463027954,-2.49750852584839,0.706139445304871,-0.764475345611572,3.07011842727661
13.3249998092651,22.7551460266113,9.77468013763428,-4.5174994468689,0.340547353029251,-0.569615066051483,2.17599058151245
13.3659999370575,28.9356555938721,8.85957527160645,-2.94436836242676,0.277630090713501,0.196540102362633,1.86720740795135
13.4069998264313,22.8765811920166,7.85159873962402,-7.24456977844238,0.178825542330742,0.202801287174225,1.54483270645142
13.4479999542236,16.2539958953857,4.63519668579102,-4.23559522628784,-0.0175618585199118,0.473101198673248,0.346808522939682
13.4889998435974,8.49496936798096,2.24506592750549,0.479910492897034,-0.203870266675949,-0.387429863214493,-0.715302169322968
13.5299999713898,4.88061046600342,0.459870606660843,-0.260069906711578,-1.6579921245575,0.0363454110920429,-1.29759228229523
13.5709998607635,3.49426889419556,0.706630408763885,-1.10533452033997,-1.47397446632385,-0.034054733812809,-2.23753356933594
13.6119999885559,2.28649163246155,2.36485648155212,-0.556630373001099,-1.05783474445343,0.148894011974335,-3.04415726661682
13.6529998779297,0.439232498407364,5.01131820678711,1.09172534942627,-0.972163438796997,0.541668832302094,-3.17243528366089
13.694000005722,-5.42393064498901,7.9112696647644,0.586839735507965,-0.960099160671234,1.14885103702545,-2.82822275161743
13.7349998950958,-6.49187755584717,8.32059192657471,-0.145962178707123,-0.249225676059723,0.33184278011322,-2.4369752407074
13.7760000228882,1.91590321063995,3.37552499771118,-1.44556403160095,0.194402143359184,-0.647498071193695,-1.18626534938812
13.816999912262,4.46111869812012,0.891924619674683,2.47657132148743,0.109036237001419,-0.828003466129303,1.33332681655884
13.8580000400543,5.11660242080688,0.763759076595306,-1.31530475616455,-0.410794794559479,0.148130461573601,3.25795388221741
13.8989999294281,5.29292345046997,2.95393943786621,-2.79272317886353,0.257319420576096,-0.677276909351349,2.8366219997406
13.9399998188019,9.59880828857422,6.65100002288818,0.624676287174225,1.26613366603851,-0.404075473546982,2.09688591957092
13.9809999465942,25.8092842102051,10.909327507019,-3.92901468276978,0.542126953601837,-0.159736558794975,1.67265248298645
14.021999835968,27.5727939605713,10.5382900238037,-1.45079827308655,0.601226389408112,0.373227685689926,1.91974020004272
14.0629999637604,16.8915328979492,10.1226863861084,-5.03105926513672,0.768293142318726,0.663838267326355,1.78856074810028
14.1039998531342,15.363865852356,7.04491853713989,-1.89376962184906,0.481958478689194,-0.1608055382967,-0.564881026744843
14.1449999809265,6.89955472946167,3.90897488594055,-0.0415752939879894,0.21257483959198,-0.493106454610825,-0.803111433982849
14.1859998703003,4.40204572677612,1.42567360401154,-2.71690058708191,-1.0100359916687,-0.00244338903576136,-1.16809272766113
14.2269999980927,1.69935274124146,0.541077017784119,0.956231772899628,-0.591605544090271,-0.0668877735733986,-2.2457799911499
14.2679998874664,-1.24426782131195,2.4652054309845,1.76096796989441,-1.25468027591705,0.371700555086136,-2.70116662979126
14.3090000152588,-4.12283325195312,4.94925451278687,-0.134297177195549,-1.3383663892746,0.83075225353241,-2.88228273391724
14.3499999046326,-6.17004251480103,8.02597618103027,-0.06071787327528,-0.228609591722488,0.764628052711487,-2.59884977340698
14.3910000324249,-1.5311074256897,6.74596500396729,-1.41116714477539,0.501200199127197,-0.0487150698900223,-1.63355827331543
14.4319999217987,5.89322328567505,2.20812654495239,0.693469941616058,0.514180660247803,-0.543043196201324,0.241742804646492
14.4729998111725,5.19840717315674,1.66181528568268,-1.14586293697357,0.270147204399109,-0.158820286393166,2.83692741394043
14.5139999389648,8.52816963195801,2.37607288360596,0.323928356170654,0.220973998308182,-0.8533536195755,2.95695877075195
14.5549998283386,7.82617521286011,5.33569526672363,-4.08185625076294,1.07631289958954,-1.33546483516693,2.52402091026306
14.595999956131,16.5314140319824,6.82926559448242,-0.254386961460114,1.81803417205811,-0.844190895557404,1.70640182495117
14.6369998455048,17.756986618042,9.62183856964111,-8.32522773742676,1.8093296289444,0.519372880458832,1.60820817947388
14.6779999732971,22.2309665679932,10.2990074157715,-11.4898853302002,2.09154105186462,0.637266397476196,0.704306900501251
14.7189998626709,20.5803680419922,9.58160972595215,-10.1162557601929,2.42491102218628,0.64413845539093,0.303438365459442
14.7599999904633,16.1573848724365,5.96814823150635,-0.388385027647018,0.55923068523407,-0.0707055702805519,0.169662833213806
14.800999879837,7.28076124191284,3.99182629585266,-2.82592344284058,-1.7574075460434,-0.24662958085537,0.395065456628799
14.8420000076294,8.01401138305664,1.09845519065857,-0.939182877540588,-2.38871812820435,-0.147214189171791,-0.654370129108429
