0,9.29551792144775,-0.45957151055336,-0.203090816736221,-2.09062480926514,-0.155002489686012,0.830904960632324
0.0409998893737793,9.87592697143555,-0.320189565420151,-0.43549370765686,-2.16789698600769,0.0560452342033386,0.921004951000214
0.0820000171661377,10.03684425354,-0.105583302676678,-0.584746062755585,-2.58815979957581,0.515402376651764,0.955059707164764
0.122999906539917,10.0025968551636,-0.0409770868718624,0.543021202087402,-2.8419668674469,0.122016742825508,0.665823519229889
0.164000034332275,9.85229778289795,0.349800765514374,1.11116707324982,-2.44858121871948,-0.0030542362947017,0.599241137504578
0.204999923706055,10.3698949813843,0.53599226474762,0.397806763648987,-1.73022484779358,0.402853757143021,0.436908513307571
0.245999813079834,10.1132650375366,0.598355233669281,0.0152542442083359,-1.30583870410919,0.502574563026428,0.238841280341148
0.286999940872192,9.80025386810303,0.638584554195404,-0.1613659709692,-1.31500148773193,0.266176700592041,0.154544353485107
0.327999830245972,10.4027967453003,0.661765038967133,0.108723878860474,-1.37119936943054,0.00946813262999058,0.157904013991356
0.36899995803833,10.4787683486938,1.09337043762207,0.0318544507026672,-1.01400649547577,0.0905581042170525,0.104607589542866
0.409999847412109,11.2504539489746,0.768993377685547,-0.402891516685486,-0.446071207523346,0.432938009500504,-0.0737598091363907
0.450999975204468,10.7576818466187,0.57487565279007,-0.421136796474457,0.000763559073675424,0.397203415632248,-0.365744799375534
0.491999864578247,9.87951564788818,0.451346158981323,-0.311066955327988,0.315960735082626,0.20325942337513,-0.569767773151398
0.532999992370605,9.282057762146,0.17691932618618,-0.0324526578187943,0.485776275396347,0.0248920265585184,-0.715760290622711
0.573999881744385,9.30807971954346,-0.107078813016415,0.02602194622159,0.529757261276245,-0.0151184694841504,-0.637877225875854
0.615000009536743,10.7195463180542,-0.654885649681091,0.403938382863998,0.51494425535202,-0.385902762413025,-0.564728319644928
0.655999898910522,11.4210920333862,-0.496809810400009,0.56096738576889,0.651621341705322,-0.58534437417984,-0.533269643783569
0.697000026702881,11.1279716491699,-0.18469600379467,0.537936449050903,0.749356865882874,-0.381474107503891,-0.64597100019455
0.73799991607666,10.7528963088989,-0.144018009305,0.253489643335342,0.589162170886993,-0.196387395262718,-0.899319887161255
0.778999805450439,10.810772895813,-0.417996197938919,-0.00104685989208519,0.35322242975235,-0.0697892978787422,-1.10166299343109
0.819999933242798,10.2285690307617,-0.570987284183502,-0.12143574655056,0.144159957766533,0.0731489583849907,-1.15847182273865
0.860999822616577,9.07477951049805,-0.767198741436005,-0.00822532828897238,-0.09666658192873,0.232121959328651,-1.04943561553955
0.901999950408936,8.47732162475586,-0.828215718269348,0.178713947534561,-0.239146694540977,0.174702316522598,-0.745844483375549
0.942999839782715,8.56122016906738,-0.889382243156433,0.268295228481293,-0.127361655235291,0.102469630539417,-0.364064961671829
0.983999967575073,8.55523872375488,-0.804137945175171,0.032602209597826,0.105676576495171,0.00641389610245824,0.0539072714745998
1.02499985694885,8.36919593811035,-0.632752060890198,-0.448953360319138,0.135760799050331,0.0366508364677429,0.496160686016083
1.06599998474121,8.86705303192139,-0.500099956989288,-0.746411085128784,-0.101095221936703,-0.00565033731982112,0.852437376976013
1.10699987411499,9.89581680297852,-0.64022958278656,-0.860967516899109,-0.295191943645477,-0.0650552362203598,1.09891426563263
1.14800000190735,11.5275726318359,-0.944865822792053,-0.907926619052887,-0.526092231273651,-0.3451287150383,1.29133105278015
1.18899989128113,12.4594278335571,-0.916899740695953,-0.909272611141205,-0.826018214225769,-0.423317164182663,1.5219259262085
1.23000001907349,12.2313613891602,-0.265603303909302,-0.548105955123901,-1.17175769805908,-0.286334663629532,1.66700220108032
1.27099990844727,10.272985458374,1.03758776187897,-0.339182615280151,-1.29224741458893,0.287250936031342,1.48405337333679
1.31200003623962,9.4912805557251,1.03444719314575,-0.260518550872803,-1.26399564743042,0.623675048351288,0.79135262966156
1.3529999256134,10.0987586975098,0.569491803646088,-0.766899645328522,-1.07631289958954,0.233801782131195,0.145839780569077
1.39399981498718,10.6619691848755,0.599701166152954,-1.19042921066284,-0.764475345611572,-0.0771194696426392,-0.00702474359422922
1.43499994277954,10.3103733062744,0.355184614658356,-0.860668420791626,-0.617871999740601,-0.152100965380669,-0.215476363897324
1.47599983215332,9.37313461303711,0.311366051435471,-0.811465978622437,-0.745691776275635,-0.113006740808487,-0.25838840007782
1.51699995994568,9.24960517883301,0.388085931539536,-0.750748097896576,-0.833653807640076,-0.0607793033123016,-0.270910769701004
1.55799984931946,9.16436100006104,0.376869559288025,-0.569342255592346,-0.660478591918945,-0.00565033731982112,-0.274423122406006
1.59899997711182,9.03963565826416,0.354436844587326,-0.323180615901947,-0.338562101125717,-0.0181727055460215,-0.269078224897385
1.6399998664856,9.32497978210449,0.353539556264877,-0.296261340379715,0.105371154844761,-0.0328330397605896,-0.172106221318245
1.68099999427795,10.8427762985229,0.31570303440094,-0.756431043148041,0.638946235179901,-0.239299416542053,-0.256250411272049
1.72199988365173,10.6643619537354,0.507876634597778,-1.31919300556183,0.993390381336212,-0.129346907138824,-0.411405622959137
1.76300001144409,10.9589776992798,-0.0913759171962738,-1.56026995182037,0.837777018547058,-0.0931542068719864,-0.562590301036835
1.80399990081787,11.4616203308105,-0.541675209999084,-1.3923237323761,0.479209661483765,-0.274423122406006,-0.441184431314468
1.84500002861023,11.7361965179443,-0.488434910774231,-0.6225825548172,0.442558825016022,-0.282516866922379,-0.14965757727623
1.88599991798401,9.73684406280518,0.206680059432983,0.0115154590457678,0.648414373397827,0.0676513314247131,0.0358872748911381
1.92699980735779,9.12158966064453,-0.00747757079079747,0.310618281364441,0.984533071517944,0.225097209215164,-0.102316915988922
1.96799993515015,10.1201438903809,-0.320339143276215,0.0218345057219267,1.4971866607666,-0.314433634281158,-0.434006989002228
2.00899982452393,10.7629165649414,-0.279810696840286,-0.719192743301392,1.75954556465149,-0.47997322678566,-0.81578654050827
2.04999995231628,10.1015996932983,-0.381356120109558,-1.18639135360718,1.0315682888031,-0.384986490011215,-1.2497935295105
2.09099984169006,9.06819915771484,-0.666849732398987,-0.914656460285187,-0.14935214817524,-0.00610847258940339,-1.42174696922302
2.13199996948242,8.28036308288574,-0.922433137893677,0.00822532828897238,-0.690257430076599,0.430800020694733,-1.16458034515381
2.1729998588562,8.69387245178223,-1.32053899765015,0.404237478971481,-0.445154935121536,0.473101198673248,-0.87320613861084
2.21399998664856,8.73828887939453,-1.44227385520935,0.470488756895065,0.0632226914167404,0.253959745168686,-0.52639764547348
2.25499987602234,8.86466026306152,-1.32517504692078,0.237338095903397,0.47157409787178,0.131484866142273,-0.104454882442951
2.2960000038147,9.5120677947998,-1.24456691741943,-0.311066955327988,0.676055192947388,0.0910162404179573,0.302063971757889
2.33699989318848,11.0451202392578,-1.35314118862152,-1.00184488296509,0.647345364093781,-0.114839285612106,0.602906227111816
2.37800002098083,11.5337038040161,-1.30079817771912,-1.13210415840149,0.323749035596848,-0.321611076593399,0.91566002368927
2.41899991035461,9.94741249084473,-0.397657215595245,-0.796809911727905,0.0554343871772289,0.143549099564552,1.46389544010162
2.45999979972839,9.13804054260254,0.507128834724426,-0.835244655609131,0.0140494871884584,0.699267387390137,1.62210488319397
2.50099992752075,10.36301612854,0.608674287796021,-1.18250298500061,0.145228937268257,0.517082214355469,1.13403797149658
2.54199981689453,11.271092414856,0.415005177259445,-1.20762765407562,0.310004979372025,0.0270299911499023,0.490663051605225
2.58299994468689,10.4881906509399,0.0770189762115479,-1.08350002765656,0.260373651981354,0.0320694819092751,0.0965138673782349
2.62399983406067,9.32034301757812,0.0263210497796535,-1.02128660678864,0.122780300676823,0.303743809461594,0.300231426954269
2.66499996185303,8.80798053741455,0.296410918235779,-0.995563745498657,0.260679066181183,0.401784777641296,0.42606595158577
2.70599985122681,8.86032295227051,0.297457754611969,-1.06360971927643,0.488372385501862,0.0859767496585846,0.346503108739853
2.74699997901917,9.51446056365967,0.232552453875542,-0.929761171340942,0.583664536476135,-0.321152955293655,0.226929754018784
2.78799986839294,9.30359363555908,0.223429813981056,-0.590877652168274,0.589620292186737,-0.233190938830376,0.164470627903938
2.8289999961853,9.54781055450439,0.0620638355612755,-0.45957151055336,0.611916244029999,-0.21379654109478,0.199899762868881
2.86999988555908,10.2462158203125,0.24451656639576,-0.562761962413788,0.868472099304199,-0.258082956075668,0.141411140561104
2.91100001335144,12.1589784622192,-0.226570397615433,-0.837039291858673,0.92207396030426,-0.570836782455444,-0.17256435751915
2.95199990272522,14.5503053665161,-0.772433042526245,-0.677318334579468,0.660173177719116,-0.994459331035614,-0.495244413614273
2.99300003051758,14.2682514190674,-0.583100974559784,-0.0465104915201664,0.445460349321365,-0.800515353679657,-0.653301119804382
3.03399991989136,10.0592765808105,0.018993029370904,0.709920585155487,0.562895774841309,0.11712995916605,-0.644291162490845
3.07499980926514,8.24910640716553,-0.268145680427551,0.821934580802917,1.05386424064636,0.410489350557327,-0.731795012950897
3.1159999370575,8.76625537872314,-0.718744099140167,0.289980202913284,1.8482711315155,-0.0386360883712769,-0.832584798336029
3.15699982643127,9.97313499450684,-0.960718274116516,-0.344865560531616,2.4659903049469,-0.638029932975769,-0.929251372814178
3.19799995422363,10.4057874679565,-0.840927600860596,-0.933350384235382,2.42796516418457,-0.900541543960571,-1.13388526439667
3.23899984359741,9.84900760650635,-0.66355961561203,-1.16171538829803,1.6375287771225,-0.722937703132629,-1.17129957675934
3.27999997138977,9.02094173431396,-0.627517759799957,-0.635144889354706,0.638488113880157,-0.322680056095123,-1.08623909950256
3.32099986076355,8.72991466522217,-0.764357268810272,-0.20817556977272,0.0554343871772289,-0.00183254177682102,-1.04699218273163
3.36199998855591,8.59726238250732,-0.945912718772888,0.0191425811499357,0.019241688773036,0.0896418318152428,-0.906039178371429
3.40299987792969,8.89965534210205,-1.22033953666687,-0.154935270547867,0.233038231730461,0.128125205636024,-0.686439633369446
3.44400000572205,9.31795024871826,-1.41296172142029,-0.670887649059296,0.295650064945221,0.0464243926107883,-0.33123192191124
3.48499989509583,9.89267635345459,-1.45603263378143,-1.0438688993454,0.13850961625576,0.0334438867866993,0.164012491703033
3.52600002288818,10.0500049591064,-1.35478627681732,-1.0338488817215,-0.172106221318245,0.200663328170776,0.714843988418579
3.56699991226196,10.1371927261353,-1.14915311336517,-0.947408199310303,-0.328635811805725,0.362385123968124,1.287513256073
3.60799980163574,9.59850883483887,-0.117996066808701,-1.14990079402924,-0.135608091950417,0.674833536148071,1.74763405323029
3.6489999294281,10.1766748428345,0.473778873682022,-1.55443739891052,0.110257931053638,0.812426865100861,1.61477470397949
3.68999981880188,10.9692974090576,0.17078772187233,-1.3619647026062,0.206466376781464,0.117588095366955,0.937497854232788
3.73099994659424,10.9751300811768,-0.0279661137610674,-1.01141619682312,0.306950747966766,-0.190584346652031,0.522885262966156
3.77199983596802,9.89327430725098,-0.0430708080530167,-0.797258615493774,0.337493121623993,0.209062471985817,0.589314877986908
3.81299996376038,9.27592658996582,0.167348027229309,-0.995115101337433,0.411405622959137,0.509599328041077,0.75699245929718
3.85399985313416,9.19935607910156,0.391974270343781,-1.39307141304016,0.671473860740662,0.355207681655884,0.685676038265228
3.89499998092651,9.49262619018555,0.394965291023254,-1.59750819206238,0.857629537582397,-0.0352764278650284,0.431869000196457
3.93599987030029,9.46914672851562,0.422781854867935,-1.66002070903778,0.799140930175781,-0.209978744387627,0.256403148174286
3.97699999809265,9.5582799911499,0.406779855489731,-1.56086814403534,0.629783511161804,-0.164776042103767,0.241742804646492
4.01799988746643,10.5071830749512,0.168394893407822,-1.43539452552795,0.671931982040405,-0.343143433332443,0.1282779276371
4.05900001525879,11.1812114715576,0.189332097768784,-1.3754243850708,0.906955480575562,-0.496618807315826,-0.0397050715982914
4.09999990463257,13.0598764419556,-0.303290277719498,-1.24980115890503,0.863127171993256,-0.771194636821747,-0.308172434568405
4.14100003242493,13.8981122970581,-0.301346093416214,-1.10279214382172,0.590994715690613,-0.85518616437912,-0.608709275722504
4.18199992179871,12.3837547302246,-0.111415803432465,-0.481256455183029,0.378878027200699,-0.468977987766266,-0.839762270450592
4.22299981117249,9.78066253662109,-0.101246304810047,-0.0708873718976974,0.403464615345001,0.0129805039614439,-1.02316915988922
4.26399993896484,9.48290538787842,-0.674925565719604,0.0903290584683418,0.701252639293671,-0.254417896270752,-1.19924592971802
4.30499982833862,10.0180006027222,-1.2451651096344,0.359820693731308,1.29896664619446,-0.677124202251434,-1.19832956790924
4.34599995613098,10.3933744430542,-1.31351006031036,0.207726910710335,1.70120966434479,-0.912300407886505,-1.08074152469635
4.38699984550476,9.76765155792236,-0.699302434921265,-0.119042925536633,1.60530662536621,-0.69010466337204,-0.929404079914093
4.42799997329712,8.88081169128418,-0.544217586517334,-0.0460618361830711,1.17527008056641,-0.283433139324188,-0.998735249042511
4.4689998626709,8.54207801818848,-0.684945464134216,0.0038883367087692,0.785702288150787,-0.195623829960823,-1.12808215618134
4.50999999046326,8.96680355072021,-0.905832946300507,-0.189182534813881,0.722174167633057,-0.125070974230766,-1.17924058437347
4.55099987983704,9.13026332855225,-1.2451651096344,-0.359072953462601,0.631616055965424,-0.108425386250019,-1.14045178890228
4.59200000762939,9.24466991424561,-1.45543432235718,-0.639033198356628,0.397966980934143,-0.0175618585199118,-0.912911236286163
4.63299989700317,8.97801971435547,-1.52811634540558,-0.680758059024811,0.157904013991356,0.207993492484093,-0.488372385501862
4.67400002479553,9.83779144287109,-1.82318127155304,-1.0353444814682,-0.0897945463657379,0.322985500097275,0.0140494871884584
4.71499991416931,9.75164985656738,-1.67407858371735,-1.06914305686951,-0.308019727468491,0.53143709897995,0.773179888725281
4.75599980354309,9.58549785614014,-0.629611432552338,-1.99366986751556,-0.402548342943192,1.08852982521057,1.35058331489563
4.79699993133545,8.65708255767822,0.345463782548904,-2.80917382240295,-0.684148907661438,1.54651260375977,1.6008780002594
4.83799982070923,10.4155082702637,0.12397812306881,-1.92128705978394,-1.07188427448273,0.661242187023163,1.50451683998108
4.87899994850159,11.581859588623,0.0463609397411346,-0.891176879405975,-0.945286154747009,-0.0491732060909271,1.1882506608963
4.91999983787537,11.0994071960449,0.0840478986501694,-0.0556331276893616,-0.493106454610825,0.2354816198349,1.30889296531677
4.96099996566772,10.0009517669678,0.555583536624908,0.140727877616882,0.162332653999329,0.476918995380402,1.38967752456665
5.0019998550415,9.67732238769531,1.06256282329559,-0.500698149204254,0.98911440372467,0.338562101125717,1.19451177120209
5.04299998283386,9.81520938873291,1.10413813591003,-1.06151592731476,1.56667053699493,-0.00824643764644861,0.730267882347107
5.08399987220764,9.82926654815674,1.00678014755249,-1.53379929065704,1.62210488319397,-0.27640837430954,0.312753796577454
5.125,9.89776134490967,0.738036215305328,-1.5598212480545,1.27865600585938,-0.263122469186783,0.102469630539417
5.16599988937378,10.8336544036865,0.406181633472443,-1.10204434394836,0.962695300579071,-0.438435614109039,-0.0013744062744081
5.20700001716614,12.0216903686523,0.219691023230553,-0.625124931335449,1.00285851955414,-0.562743008136749,-0.243117213249207
5.24799990653992,13.4449710845947,-0.456580460071564,-0.260967224836349,1.10486996173859,-0.789214670658112,-0.631310641765594
5.28900003433228,13.419846534729,-0.640528738498688,-0.171385928988457,1.1827529668808,-0.804485857486725,-0.844190895557404
5.32999992370605,11.0901346206665,-0.422183632850647,0.252293229103088,1.30156278610229,-0.448209166526794,-0.86007297039032
5.37099981307983,9.39317512512207,-0.468095928430557,0.357876539230347,1.49504864215851,-0.300689578056335,-0.873817026615143
5.41199994087219,9.66625595092773,-0.707826852798462,0.011365907266736,1.78688097000122,-0.716981947422028,-1.00774526596069
5.45299983024597,10.3151588439941,-0.860817968845367,-0.103040926158428,2.03580117225647,-1.00240039825439,-1.08364307880402
5.49399995803833,10.3163557052612,-0.769890666007996,-0.260817676782608,1.82383716106415,-1.04439604282379,-1.11372721195221
5.53499984741211,10.1122179031372,-0.594616413116455,-0.129361972212791,1.25269496440887,-0.806318402290344,-1.10853505134583
5.57599997520447,9.35115051269531,-0.589232563972473,0.315104842185974,0.731031477451324,-0.513569831848145,-1.16748178005219
5.61699986457825,8.84252643585205,-0.692871689796448,0.517447888851166,0.547013700008392,-0.30985227227211,-1.22902464866638
5.65799999237061,8.84327411651611,-0.948455095291138,0.23419751226902,0.591147422790527,-0.231358394026756,-1.19069397449493
5.69899988174438,9.44791030883789,-1.24067854881287,-0.127417802810669,0.592827260494232,-0.218988746404648,-1.02927768230438
5.74000000953674,9.70917701721191,-1.25428771972656,-0.597308337688446,0.505628824234009,-0.0813953951001167,-0.71942538022995
5.78099989891052,9.33185863494873,-0.951446115970612,-0.874427139759064,0.334591597318649,0.197303667664528,-0.336271405220032
5.82200002670288,9.87158966064453,-1.03414797782898,-1.67243349552155,0.00565033731982112,0.483638316392899,-0.1072036921978
5.86299991607666,10.2907819747925,-1.20822584629059,-2.43903398513794,-0.697740256786346,0.556481838226318,0.319320410490036
5.90399980545044,8.8691463470459,-0.691974401473999,-1.55727887153625,-1.36249482631683,0.791505336761475,0.995375633239746
5.9449999332428,7.59003353118896,-0.0954138040542603,-1.13868451118469,-1.41548585891724,1.2951488494873,1.5057384967804
5.98599982261658,9.39407253265381,0.020638095214963,-1.336541056633,-0.949562072753906,0.93856680393219,1.64363729953766
6.02699995040894,11.1876420974731,0.134895369410515,-1.49910342693329,-0.175771296024323,0.0612374395132065,1.28140485286713
6.06799983978271,11.1209421157837,-0.0637089014053345,-1.50598275661469,0.468672573566437,-0.144312664866447,0.84861958026886
6.10899996757507,9.36790084838867,0.226869493722916,-1.34192490577698,0.638946235179901,0.134386390447617,1.18198943138123
6.14999985694885,9.50982475280762,0.639481842517853,-1.59092795848846,0.584580838680267,0.197456374764442,1.36020410060883
6.19099998474121,10.0218887329102,1.08215403556824,-1.99995112419128,0.642305910587311,0.0113006746396422,1.13388526439667
6.23199987411499,10.0453681945801,1.23424780368805,-1.74197483062744,0.714996695518494,-0.186461120843887,0.731947720050812
6.27300000190735,9.93888759613037,0.912861824035645,-1.16246318817139,0.665976226329803,-0.360858023166656,0.350015491247177
6.31399989128113,11.0832557678223,0.40408793091774,-0.712612509727478,0.715912997722626,-0.541210651397705,0.14965757727623
6.35500001907349,13.0742330551147,-0.145214423537254,-0.385244458913803,0.992932200431824,-0.688577592372894,-0.1078145429492
6.39599990844727,13.6962175369263,-0.0779162868857384,-0.393320232629776,1.29362177848816,-0.625354886054993,-0.424691557884216
6.43700003623962,13.0419301986694,-0.123679019510746,-0.466749966144562,1.41044628620148,-0.236550599336624,-0.78646582365036
6.4779999256134,10.272686958313,-0.0218345057219267,-0.489481776952744,1.30476975440979,0.0684148967266083,-0.992168664932251
6.51899981498718,9.58101177215576,-0.582353234291077,-0.384496688842773,1.25376403331757,-0.123696573078632,-1.21741855144501
6.55999994277954,10.0123176574707,-0.977468073368073,-0.506680190563202,1.43167328834534,-0.566866278648376,-1.31958281993866
6.60099983215332,10.2369441986084,-0.948754191398621,-0.524327278137207,1.50986170768738,-0.556634545326233,-1.26643908023834
6.64199995994568,9.8470630645752,-0.671784937381744,-0.527617394924164,1.15755558013916,-0.443475097417831,-1.13785576820374
6.68299984931946,9.26545810699463,-0.603290438652039,-0.0924227759242058,0.634059429168701,-0.208604335784912,-1.05432236194611
6.72399997711182,8.94437122344971,-0.725324392318726,0.418295294046402,0.344670563936234,-0.147519618272781,-1.11449086666107
6.7649998664856,8.8960657119751,-0.880110085010529,0.46914279460907,0.472184926271439,-0.0868930220603943,-1.13083100318909
6.80599999427795,9.01615619659424,-1.04700946807861,0.274277299642563,0.69499146938324,-0.0600157417356968,-1.02912497520447
6.84699988365173,9.46286582946777,-1.18549406528473,-0.197258323431015,0.706292152404785,-0.0571142174303532,-0.870304644107819
6.88800001144409,10.1949195861816,-1.363609790802,-0.73713892698288,0.539530813694,-0.0288625322282314,-0.644291162490845
6.92899990081787,10.5556383132935,-1.48115718364716,-1.21794676780701,0.182032480835915,0.118351653218269,-0.300231426954269
6.97000002861023,9.63066291809082,-1.3298112154007,-1.57806658744812,-0.379641562700272,0.484860002994537,0.329246670007706
7.01099991798401,8.81470966339111,-1.00887382030487,-1.53918313980103,-0.807387351989746,0.72446483373642,1.10441184043884
7.05199980735779,8.4167537689209,-0.0746261551976204,-1.55518519878387,-0.718967199325562,0.796239376068115,1.80184674263
7.09299993515015,9.85110092163086,0.351445823907852,-1.48938250541687,-0.24388076364994,0.569309651851654,1.79344749450684
7.13399982452393,11.0300149917603,0.222981154918671,-1.39127683639526,0.222195684909821,0.0117588099092245,1.02103114128113
7.17499995231628,11.0147609710693,0.0394815728068352,-1.44616222381592,0.367424637079239,-0.252890765666962,0.540447115898132
7.21599984169006,9.7734842300415,0.165254309773445,-1.61036968231201,0.188446372747421,0.163554355502129,0.662311136722565
7.25699996948242,8.61386203765869,0.419342160224915,-1.67916333675385,-0.0571142174303532,0.400715798139572,0.902526795864105
7.2979998588562,8.56107044219971,0.64695942401886,-1.78399884700775,0.0227540601044893,0.242200940847397,0.928945958614349
7.33899998664856,9.38285541534424,0.559023201465607,-1.52662086486816,0.243422627449036,-0.200052469968796,0.709957242012024
7.37999987602234,9.53195858001709,0.645314335823059,-1.2249755859375,0.394301891326904,-0.410031229257584,0.515249669551849
7.4210000038147,10.2767248153687,0.468843698501587,-1.01365947723389,0.427287667989731,-0.321916490793228,0.43660306930542
7.46199989318848,12.9831562042236,0.062512494623661,-1.1048858165741,0.435534089803696,-0.559994220733643,0.151948258280754
7.50300002098083,14.3252305984497,-0.000747757090721279,-1.23828566074371,0.410183936357498,-0.427134931087494,-0.378419876098633
7.54399991035461,13.8777732849121,-0.840778052806854,-1.04925274848938,0.198678076267242,-0.0792574286460876,-0.80127888917923
7.58499979972839,10.880763053894,-0.626171767711639,-0.637836813926697,-0.014965757727623,0.187071979045868,-0.796697556972504
7.62599992752075,8.19975471496582,-0.40154555439949,-0.0647557601332664,0.283280402421951,0.605044186115265,-0.563659310340881
7.66699981689453,8.61296463012695,-0.681804895401001,0.0626620426774025,0.960404574871063,0.144312664866447,-0.648567080497742
7.70799994468689,9.79083251953125,-0.883400201797485,-0.39631125330925,1.70472204685211,-0.420110195875168,-0.934749007225037
7.74899983406067,9.73923683166504,-0.947557747364044,-0.730109989643097,1.82322633266449,-0.677276909351349,-1.19176304340363
7.78999996185303,9.15389251708984,-0.735194742679596,-0.910917699337006,1.26888251304626,-0.537545561790466,-1.11937761306763
7.83099985122681,8.71361351013184,-0.910618543624878,-0.663110971450806,0.561063230037689,-0.178672820329666,-0.987129151821136
7.87199997901917,8.6007022857666,-1.00513505935669,-0.360867559909821,0.187224686145782,-0.107356406748295,-0.833348393440247
7.91299986839294,8.98893737792969,-1.17278218269348,-0.19516459107399,0.337798535823822,-0.1282779276371,-0.65253758430481
7.9539999961853,8.88155937194824,-1.03414797782898,-0.447756946086884,0.612527072429657,-0.147519618272781,-0.47905695438385
7.99499988555908,9.35144996643066,-1.19700956344604,-1.08379912376404,0.590842008590698,-0.180810794234276,-0.34237989783287
8.03600001335144,10.0417795181274,-1.29451704025269,-1.6580765247345,0.194554850459099,-0.289999723434448,-0.117282673716545
8.07699990272522,11.0947704315186,-1.54980134963989,-2.00802683830261,-0.384986490011215,-0.262053459882736,0.200968742370605
8.11800003051758,10.8827066421509,-1.64536464214325,-1.60064876079559,-1.11953032016754,-0.0784938707947731,0.723243176937103
8.15899991989136,9.84422206878662,-1.27866458892822,-0.750000357627869,-1.54803967475891,0.189057230949402,1.36264753341675
8.19999980926514,9.19875812530518,-0.287587374448776,-0.803390204906464,-1.39074647426605,0.705528557300568,1.69800269603729
8.2409999370575,10.2822580337524,-0.00269192550331354,-1.45752811431885,-1.10028862953186,0.727366387844086,1.39288449287415
8.28199982643127,10.8303642272949,0.0183948241174221,-1.56774747371674,-0.797002971172333,0.34894648194313,0.827087163925171
8.32299995422363,9.93619632720947,-0.166899383068085,-1.47173547744751,-0.538003742694855,0.290457874536514,0.407740533351898
8.36399984359741,8.63240718841553,-0.138634160161018,-1.52527487277985,-0.567171692848206,0.374143958091736,0.475544601678848
8.40499997138977,8.36680316925049,-0.035294134169817,-1.55054903030396,-0.709957242012024,0.270605325698853,0.520289123058319
8.44599986076355,8.94795989990234,-0.184396892786026,-1.42028975486755,-0.72935163974762,0.091321662068367,0.46286952495575
8.48699998855591,9.70110130310059,-0.367447823286057,-1.28434753417969,-0.730420589447021,-0.00488677807152271,0.425913244485855
8.52799987792969,9.37373352050781,-0.207128703594208,-0.96894359588623,-0.822963953018188,0.129805043339729,0.506545066833496
8.56900000572205,9.07134056091309,-0.122931264340878,-0.736690282821655,-0.925739049911499,0.365133941173553,0.527161180973053
8.60999989509583,9.72712326049805,-0.334396958351135,-1.00797653198242,-0.859614789485931,0.46195325255394,0.452179670333862
8.65100002288818,11.821590423584,-1.30079817771912,-1.76306164264679,-0.744470119476318,0.270299911499023,0.271674305200577
8.69199991226196,13.3841037750244,-1.30064868927002,-1.83948242664337,-0.818993449211121,-0.0400104969739914,0.0729962438344955
8.73299980163574,12.3508529663086,-0.81699937582016,-1.00199449062347,-1.03217911720276,0.207229927182198,-0.383153945207596
8.7739999294281,9.66595649719238,-1.43434762954712,-0.582353234291077,-1.29178929328918,0.602448105812073,-0.795781254768372
8.81499981880188,9.68868827819824,-2.38699007034302,-0.942323446273804,-1.29973030090332,0.384375631809235,-0.871679067611694
8.85599994659424,8.82009410858154,-2.35184550285339,-0.567398071289062,-0.710262656211853,0.238841280341148,-0.311226665973663
8.89699983596802,9.13475036621094,-2.06949257850647,-0.0978066250681877,0.16111096739769,0.0383306667208672,-0.155613332986832
8.93799996376038,8.93838882446289,-1.45378935337067,-0.836889743804932,0.820367872714996,-0.0500894747674465,-0.167982995510101
8.97899985313416,9.32662487030029,-1.22377920150757,-1.5970596075058,0.86480700969696,-0.118504367768764,-0.165997743606567
9.01999998092651,9.21416187286377,-0.92377907037735,-1.80568373203278,0.361010730266571,-0.181421637535095,-0.159583851695061
9.06099987030029,9.26770114898682,-0.913310468196869,-1.38140642642975,-0.302063971757889,-0.148894011974335,-0.01068982668221
9.10199999809265,8.88529777526855,-0.653988361358643,-0.955783069133759,-0.670862972736359,0.0401632077991962,0.0965138673782349
9.14299988746643,9.42667388916016,-0.859023332595825,-0.969093143939972,-0.77333265542984,0.0397050715982914,0.0963611528277397
9.18400001525879,10.276575088501,-0.850648462772369,-1.26251304149628,-0.772569060325623,-0.10689827054739,0.0914743766188622
9.22499990463257,12.0363464355469,-1.47038948535919,-1.47083818912506,-0.938261389732361,-0.281753301620483,0.0590994730591774
9.26600003242493,12.6013517379761,-1.49057900905609,-1.35568356513977,-1.26735532283783,-0.406976997852325,0.237925007939339
9.30699992179871,10.8982601165771,-0.656829833984375,-0.832253634929657,-1.42403769493103,0.200663328170776,0.621384382247925
9.34799981117249,8.81351375579834,0.300747901201248,-0.904038310050964,-1.33149433135986,0.749356865882874,0.60489147901535
9.38899993896484,9.02707290649414,-0.0408275350928307,-1.2993026971817,-1.08333766460419,0.577097952365875,0.0652079433202744
9.42999982833862,9.59402275085449,-0.546161770820618,-1.58464682102203,-0.774096190929413,-0.142785549163818,-0.456455618143082
9.47099995613098,9.9646110534668,-0.986740231513977,-1.19297158718109,-0.529604554176331,-0.46760356426239,-0.664601802825928
9.51199984550476,8.70957565307617,-0.831655442714691,-0.848255634307861,-0.434770524501801,-0.176229432225227,-0.327872276306152
9.55299997329712,8.16909694671631,-0.6505486369133,-0.90717887878418,-0.423927992582321,0.196845531463623,0.126139953732491
9.5939998626709,8.14711284637451,-0.529262483119965,-1.06764757633209,-0.291984975337982,0.184781298041344,0.366050213575363
9.63499999046326,8.94422149658203,-0.478265434503555,-1.58270263671875,-0.0513111688196659,0.0030542362947017,0.502421855926514
9.67599987983704,9.32497978210449,-0.421136796474457,-1.1656037569046,0.206619083881378,-0.284196674823761,0.525939464569092
9.71700000762939,9.22313499450684,-0.0686440989375114,-1.3061820268631,0.569767773151398,-0.171189948916435,0.54289048910141
9.75799989700317,9.86590671539307,-0.0674476847052574,-1.8982560634613,0.654828250408173,-0.187530115246773,0.479820519685745
9.79900002479553,11.006983757019,-0.0161515530198812,-2.41166615486145,0.565186440944672,-0.27701923251152,0.335507869720459
9.83999991416931,12.5980615615845,-0.440129816532135,-2.37547469139099,0.286640077829361,-0.432479858398438,0.0704001486301422
9.88099980354309,13.0307140350342,-0.431904494762421,-1.90917336940765,-0.0610847249627113,-0.450957983732224,-0.057572353631258
9.92199993133545,11.1074829101562,0.352343142032623,-1.19431757926941,-0.237925007939339,0.0668877735733986,-0.184170454740524
9.96299982070923,9.82537841796875,0.0788135975599289,-0.793370246887207,-0.161721810698509,0.249072968959808,-0.524565100669861
10.0039999485016,9.93484973907471,-0.476769924163818,-0.90463650226593,0.268161952495575,-0.192264169454575,-0.826323628425598
10.0449998378754,10.8746309280396,-0.918843865394592,-0.794417142868042,0.932763755321503,-0.596950471401215,-1.01904594898224
10.0859999656677,10.3105230331421,-0.60343998670578,-0.999601662158966,1.36692345142365,-0.489746779203415,-1.10746610164642
10.1269998550415,8.9817590713501,-0.342323184013367,-1.11580312252045,1.25819265842438,-0.10689827054739,-1.0931111574173
10.1679999828339,8.40105056762695,-0.476022154092789,-1.3601701259613,0.750273168087006,-0.00397050706669688,-1.20581245422363
10.2089998722076,8.43470001220703,-0.674028217792511,-1.46246325969696,0.32939937710762,-0.034054733812809,-1.23589670658112
10.25,8.70404148101807,-1.00199449062347,-1.33983111381531,0.134386390447617,-0.0361927002668381,-1.12823486328125
10.2909998893738,8.95798015594482,-1.17218399047852,-1.43255305290222,-0.0500894747674465,-0.0565033704042435,-0.924822747707367
10.3320000171661,9.26156997680664,-1.35074841976166,-1.39725887775421,-0.310615837574005,-0.0650552362203598,-0.601531863212585
10.3729999065399,10.1249303817749,-1.74062895774841,-1.56236362457275,-0.540599822998047,-0.149810284376144,-0.218072474002838
10.4140000343323,10.5321588516235,-1.93743860721588,-1.51914322376251,-0.802958726882935,-0.255486875772476,0.371547847986221
10.4549999237061,10.1011514663696,-1.88629198074341,-0.70244300365448,-0.863432586193085,-0.155918762087822,1.16900897026062
10.4959998130798,8.72841835021973,-0.665204703807831,-0.399302273988724,-0.516929507255554,0.255334168672562,1.86827635765076
10.5369999408722,9.89806079864502,0.338883519172668,-1.34626185894012,-0.0865876004099846,0.682469129562378,1.88034057617188
10.577999830246,11.0683002471924,0.28534409403801,-2.05932307243347,-0.0253501608967781,0.428814768791199,1.01324284076691
10.6189999580383,10.758279800415,-0.00747757079079747,-1.88464689254761,-0.232580095529556,-0.00733016710728407,0.312448382377625
10.6599998474121,9.55678367614746,-0.286839604377747,-1.43778729438782,-0.539530813694,0.218988746404648,0.197456374764442
10.7009999752045,8.3327054977417,-0.224177569150925,-1.27208435535431,-0.798988223075867,0.588398635387421,0.564881026744843
10.7419998645782,8.22936534881592,0.118295170366764,-1.56056904792786,-0.838387846946716,0.673764526844025,0.775470614433289
10.7829999923706,8.78794002532959,0.429063022136688,-2.57258343696594,-0.814870238304138,0.616955757141113,0.820673286914825
10.8239998817444,9.44118118286133,0.32422748208046,-1.65508556365967,-1.04638135433197,0.218377888202667,0.695907711982727
10.8650000095367,10.2460660934448,0.153290197253227,-0.898654460906982,-0.723395884037018,-0.135455384850502,0.446071207523346
10.9059998989105,11.68714427948,0.0604187734425068,-1.04072833061218,-0.135455384850502,-0.142480120062828,0.341463625431061
10.9470000267029,13.1271743774414,-0.16211374104023,-1.50119709968567,0.237619578838348,-0.26831465959549,0.0800209939479828
10.9879999160767,13.3565864562988,-0.0317048989236355,-1.80074858665466,0.262969732284546,-0.311073958873749,-0.155307918787003
11.0289998054504,12.6246814727783,0.256480664014816,-1.4482558965683,0.0290152449160814,-0.124612838029861,-0.34237989783287
11.0699999332428,9.86097145080566,0.522831737995148,-0.610169768333435,-0.110105216503143,0.241131961345673,-0.540447115898132
11.1109998226166,9.56336402893066,-0.215802699327469,-0.198753833770752,0.102469630539417,0.0642916709184647,-0.839456856250763
11.1519999504089,10.0544910430908,-0.71904319524765,0.0107677020132542,0.752716541290283,-0.383612066507339,-1.11876678466797
11.1929998397827,10.0293664932251,-0.899252653121948,-0.0439681150019169,1.43197870254517,-0.42759308218956,-1.23818743228912
11.2339999675751,9.25169944763184,-0.812213718891144,-0.442971289157867,1.53368473052979,-0.410183936357498,-1.29682874679565
11.2749998569489,8.42796993255615,-0.624975383281708,-0.803838849067688,1.20749235153198,-0.134997248649597,-1.18794524669647
11.3159999847412,8.48435115814209,-0.76675009727478,-0.88803631067276,0.626729309558868,-0.0571142174303532,-1.10227382183075
11.356999874115,9.14731216430664,-0.97148597240448,-0.779013335704803,0.249225676059723,-0.103691324591637,-1.02607071399689
11.3980000019073,9.24661445617676,-1.04177510738373,-0.832253634929657,0.194707557559013,0.0474933758378029,-0.880078196525574
11.4389998912811,9.37672424316406,-1.16665053367615,-1.06540429592133,0.195012986660004,0.145228937268257,-0.7015580534935
11.4800000190735,10.207781791687,-1.53738856315613,-2.15518546104431,0.241131961345673,0.102316915988922,-0.457371890544891
11.5209999084473,10.5113706588745,-1.85683035850525,-3.17243409156799,0.2342599183321,0.0116060981526971,0.198983490467072
11.5620000362396,9.82283592224121,-1.8610178232193,-2.59995126724243,0.203412130475044,-0.236856028437614,1.13556504249573
11.6029999256134,8.32687282562256,-0.797258615493774,-2.20857524871826,0.51677680015564,-0.105829291045666,2.19981360435486
11.6439998149872,9.13908672332764,0.143270254135132,-2.87183570861816,0.939177632331848,0.0986518338322639,2.5449423789978
11.6849999427795,11.4758281707764,0.192323118448257,-3.01361060142517,0.705834031105042,-0.505628824234009,1.65783941745758
11.7259998321533,12.0006036758423,0.146111726760864,-1.90229403972626,-0.114533863961697,-1.44358479976654,0.390025973320007
11.7669999599457,11.1284198760986,-0.401844650506973,-1.01186490058899,-0.934901714324951,-1.06165254116058,-0.178978249430656
11.8079998493195,8.5133638381958,-0.465703099966049,-0.386590421199799,-1.22795569896698,0.292290419340134,0.122169449925423
11.8489999771118,7.61919593811035,-0.112313114106655,-0.935294568538666,-0.898403584957123,1.21024107933044,0.593285381793976
11.8899998664856,8.1349983215332,0.362961292266846,-2.01311159133911,-0.413238167762756,0.996902704238892,0.858698546886444
11.930999994278,8.82458019256592,0.753140926361084,-2.16385936737061,-0.0195471122860909,0.276102960109711,0.522885262966156
11.9719998836517,9.65204811096191,0.529112935066223,-2.0591733455658,0.294886499643326,-0.439351886510849,0.0387887991964817
12.0130000114441,11.1656579971313,0.39631125330925,-2.15877461433411,0.515707790851593,-0.544723033905029,0.0542126931250095
12.0539999008179,12.7401351928711,0.282951265573502,-2.1672990322113,0.585649788379669,-0.279615342617035,0.072843536734581
12.0950000286102,13.6903848648071,0.467198610305786,-2.32253336906433,0.497993230819702,-0.0791047215461731,-0.135149955749512
12.135999917984,12.9655094146729,0.33828529715538,-1.70952224731445,0.364981234073639,0.137593343853951,-0.529146432876587
12.1769998073578,10.2297658920288,0.307776808738708,-1.11311113834381,0.529451847076416,0.396287173032761,-0.907719016075134
12.2179999351501,10.6283197402954,-0.593420028686523,-1.75184524059296,0.859767496585846,0.0503949001431465,-1.34920883178711
12.2589998245239,10.3938236236572,-0.865603566169739,-1.7238792181015,1.06134712696075,-0.346044957637787,-1.58973002433777
12.2999999523163,10.0833549499512,-0.881007373332977,-1.36675035953522,0.986518323421478,-0.443627834320068,-1.60607016086578
12.3409998416901,8.94541835784912,-0.724576592445374,-1.14990079402924,0.697892963886261,-0.133011996746063,-1.52345311641693
12.3819999694824,8.45384216308594,-0.845713257789612,-1.3721342086792,0.319014966487885,0.101400643587112,-1.46252107620239
12.4229998588562,8.24850845336914,-1.02487587928772,-1.22602248191833,0.138051480054855,0.044897273182869,-1.35043060779572
12.4639999866486,8.12722206115723,-1.24456691741943,-1.14376926422119,0.236245170235634,-0.0561979487538338,-1.18382203578949
12.5049998760223,7.98619508743286,-1.37153601646423,-1.26595270633698,0.332911759614944,-0.0714691281318665,-0.828614294528961
12.5460000038147,8.57767105102539,-1.49955201148987,-2.07053923606873,0.120489619672298,-0.106440134346485,-0.30832514166832
12.5869998931885,9.34621524810791,-1.62487614154816,-2.74292254447937,-0.457219183444977,-0.0638335421681404,0.350168198347092
12.6280000209808,10.3698949813843,-2.08325123786926,-2.83070921897888,-1.25636005401611,-0.205702811479568,1.09876155853271
12.6689999103546,10.0108222961426,-1.85503578186035,-1.99875462055206,-1.76916635036469,-0.238230437040329,1.9692188501358
12.7099997997284,9.15314483642578,-0.732951462268829,-1.63713932037354,-1.76565396785736,0.111021488904953,2.61900758743286
12.7509999275208,10.5898857116699,-0.137138649821281,-1.61395883560181,-1.55216288566589,0.182185187935829,2.58327317237854
12.7919998168945,12.2503547668457,0.459721058607101,-1.08559370040894,-1.06104171276093,-0.168593838810921,1.88507461547852
12.8329999446869,12.6683511734009,0.427118837833405,-0.804437041282654,-0.269078224897385,-0.175618588924408,1.00621819496155
12.8739998340607,10.5566844940186,0.327966243028641,-1.01829564571381,0.197150945663452,0.187530115246773,0.515860497951508
12.914999961853,8.65169906616211,0.407527595758438,-1.34910333156586,0.218072474002838,0.360247164964676,0.539225399494171
12.9559998512268,8.18479919433594,0.477517664432526,-1.58389902114868,0.0314586348831654,0.253043472766876,0.507155954837799
12.9969999790192,8.69357299804688,0.399900496006012,-1.40937256813049,-0.123849280178547,0.0100789796561003,0.446682065725327
13.0379998683929,9.63350391387939,0.47691947221756,-1.08649098873138,-0.0444391369819641,-0.0358872748911381,0.390484124422073
13.0789999961853,10.8112211227417,0.442073971033096,-1.29556393623352,0.24510246515274,-0.0887255668640137,0.176382139325142
13.1199998855591,12.1722888946533,0.387338161468506,-1.8457635641098,0.563353896141052,-0.186002984642982,-0.184781298041344
13.1610000133514,13.1576833724976,0.0526420995593071,-2.37098813056946,0.666434347629547,-0.0601684562861919,-0.515707790851593
13.2019999027252,12.7932262420654,-0.0912263616919518,-2.48210477828979,0.42423340678215,0.0203106720000505,-0.761726558208466
13.2430000305176,11.8772239685059,-0.276520580053329,-2.09461712837219,0.112701319158077,0.0827698037028313,-0.899930715560913
13.2839999198914,9.29611587524414,-0.0261714980006218,-0.976271629333496,0.196081966161728,0.226929754018784,-0.979951739311218
13.3249998092651,9.92483043670654,-0.883699297904968,-0.664756059646606,0.704154193401337,-0.20234315097332,-1.23940908908844
13.3659999370575,10.4427270889282,-1.15872430801392,-0.650249540805817,1.48084652423859,-0.600004732608795,-1.37150478363037
13.4069998264313,10.3193464279175,-1.12642121315002,-0.804437041282654,1.90630161762238,-0.576181650161743,-1.40617036819458
13.4479999542236,8.96515846252441,-0.726221680641174,-0.980459094047546,1.71480095386505,-0.378419876098633,-1.32721841335297
13.4889998435974,8.04137992858887,-0.655334293842316,-0.984796047210693,1.19161033630371,-0.14904673397541,-1.20168924331665
13.5299999713898,8.25209712982178,-0.718594551086426,-0.934995472431183,0.704154193401337,-0.173633337020874,-1.17435383796692
13.5709998607635,8.52562713623047,-0.973430156707764,-0.925723254680634,0.535713016986847,-0.141105711460114,-1.09082055091858
13.6119999885559,8.61027336120605,-1.18310129642487,-0.846161901950836,0.464243918657303,-0.122322164475918,-0.844649076461792
13.6529998779297,9.29910659790039,-1.46395885944366,-1.17682003974915,0.317487865686417,-0.143701821565628,-0.509904742240906
13.694000005722,9.98554801940918,-1.58150625228882,-1.49102759361267,0.0409267656505108,-0.141105711460114,-0.0203106720000505
13.7349998950958,11.2467155456543,-1.55324101448059,-1.78040957450867,-0.315349906682968,-0.0557398125529289,0.485012710094452
13.7760000228882,10.9908323287964,-0.669840812683105,-3.11291265487671,-0.724312126636505,0.269994497299194,0.74889874458313
13.816999912262,8.81874752044678,0.0363409928977489,-3.36356091499329,-1.04729759693146,0.579541325569153,1.21573877334595
13.8579998016357,7.96226692199707,0.57338011264801,-3.31854581832886,-1.21390616893768,0.746913492679596,1.73358452320099
13.8989999294281,10.0313110351562,0.164207458496094,-2.41570401191711,-1.24215793609619,0.168441131711006,1.55536985397339
13.9399998188019,11.2709426879883,0.295214504003525,-2.00473666191101,-0.814870238304138,-0.22433365881443,1.34432208538055
13.9809999465942,10.8358974456787,0.452093929052353,-1.58823597431183,-0.328941255807877,0.266940265893936,1.20352184772491
14.021999835968,9.19771099090576,0.704088091850281,-1.25219404697418,-0.0713164210319519,0.542737782001495,0.998735249042511
14.0629999637604,8.74696350097656,0.784546732902527,-1.47547423839569,0.0413849018514156,0.39231663942337,0.70308518409729
14.1039998531342,9.33006381988525,0.492472797632217,-1.61605262756348,0.0922379344701767,-0.131026729941368,0.405449867248535
14.1449999809265,10.101749420166,0.584297358989716,-1.62936270236969,0.0962084457278252,-0.69163179397583,0.0841442123055458
14.1859998703003,9.74088191986084,0.983749210834503,-1.23185503482819,0.148130461573601,-0.586566090583801,-0.0253501608967781
14.2269999980927,10.6998052597046,0.838235676288605,-1.28853499889374,0.24662958085537,-0.340089201927185,-0.0525328628718853
14.2679998874664,11.646466255188,0.841226696968079,-1.68708956241608,0.404228180646896,-0.301453113555908,-0.291526854038239
14.3090000152588,12.4329566955566,0.419641256332397,-1.60543441772461,0.589925765991211,-0.1806580722332,-0.433548837900162
14.3499999046326,12.5330066680908,0.441326230764389,-1.69651126861572,0.689493834972382,-0.0861294642090797,-0.542279660701752
14.3910000324249,11.116156578064,0.570688188076019,-1.12597262859344,0.879467368125916,0.254876017570496,-0.549609839916229
14.4319999217987,9.28145980834961,0.521186709403992,-0.617796897888184,1.28445911407471,0.33367532491684,-0.727213680744171
14.4729998111725,10.5198955535889,-0.522682189941406,-0.904935598373413,1.76443231105804,-0.358567327260971,-1.19527542591095
14.5139999389648,10.6506032943726,-0.65473610162735,-1.230060338974,2.20393681526184,-0.646734535694122,-1.38173651695251
14.5549998283386,9.93200874328613,-0.439531594514847,-1.22931265830994,2.20699119567871,-0.377656310796738,-1.21039378643036
14.595999956131,8.87587642669678,-0.148055896162987,-1.22333061695099,1.70762348175049,-0.134233683347702,-1.09662353992462
14.6369998455048,8.4975118637085,-0.129062876105309,-1.22856485843658,1.11433815956116,-0.0694838762283325,-1.1903885602951
14.6779999732971,9.02408218383789,-0.387487709522247,-1.29317104816437,0.763253629207611,-0.166455879807472,-1.32874548435211
14.7189998626709,9.6181001663208,-0.745214700698853,-1.52333068847656,0.551289677619934,-0.189515367150307,-1.362189412117
14.7599999904633,9.32826995849609,-0.949950575828552,-1.56580328941345,0.231358394026756,0.0143549107015133,-1.09830331802368
14.800999879837,9.30179882049561,-1.0962119102478,-1.62263286113739,-0.173175200819969,0.046729814261198,-0.678804039955139
14.8420000076294,10.011869430542,-1.39082813262939,-1.74227404594421,-0.326039731502533,0.047035239636898,-0.245560601353645
